Time,Oxygen Level,Pulse Rate,Motion
07:09:01 PM May 01 2023,94,63,0
07:09:05 PM May 01 2023,93,59,16
07:09:09 PM May 01 2023,93,58,0
07:09:13 PM May 01 2023,94,61,0
07:09:17 PM May 01 2023,95,59,0
07:09:21 PM May 01 2023,95,61,1
07:09:25 PM May 01 2023,95,62,0
07:09:29 PM May 01 2023,95,59,0
07:09:33 PM May 01 2023,95,59,0
07:09:37 PM May 01 2023,95,59,0
07:09:41 PM May 01 2023,95,59,0
07:09:45 PM May 01 2023,95,59,0
07:09:49 PM May 01 2023,95,52,0
07:09:53 PM May 01 2023,95,53,0
07:09:57 PM May 01 2023,95,60,0
07:10:01 PM May 01 2023,95,59,1
07:10:05 PM May 01 2023,95,59,0
07:10:09 PM May 01 2023,94,59,0
07:10:13 PM May 01 2023,94,60,0
07:10:17 PM May 01 2023,94,60,0
07:10:21 PM May 01 2023,94,60,0
07:10:25 PM May 01 2023,93,61,0
07:10:29 PM May 01 2023,93,61,0
07:10:33 PM May 01 2023,93,61,0
07:10:37 PM May 01 2023,93,61,0
07:10:41 PM May 01 2023,93,62,0
07:10:45 PM May 01 2023,93,61,0
07:10:49 PM May 01 2023,93,61,0
07:10:53 PM May 01 2023,93,61,0
07:10:57 PM May 01 2023,92,60,0
07:11:01 PM May 01 2023,92,60,0
07:11:05 PM May 01 2023,92,59,0
07:11:09 PM May 01 2023,92,59,0
07:11:13 PM May 01 2023,93,59,0
07:11:17 PM May 01 2023,93,60,0
07:11:21 PM May 01 2023,93,61,0
07:11:25 PM May 01 2023,93,61,0
07:11:29 PM May 01 2023,92,61,0
07:11:33 PM May 01 2023,92,62,0
07:11:37 PM May 01 2023,91,62,0
07:11:41 PM May 01 2023,91,62,0
07:11:45 PM May 01 2023,91,63,0
07:11:49 PM May 01 2023,91,62,0
07:11:53 PM May 01 2023,91,61,0
07:11:57 PM May 01 2023,91,60,0
07:12:01 PM May 01 2023,91,60,0
07:12:05 PM May 01 2023,91,58,0
07:12:09 PM May 01 2023,91,58,0
07:12:13 PM May 01 2023,91,58,0
07:12:17 PM May 01 2023,92,58,1
07:12:21 PM May 01 2023,94,57,0
07:12:25 PM May 01 2023,95,58,2
07:12:29 PM May 01 2023,94,60,0
07:12:33 PM May 01 2023,94,62,0
07:12:37 PM May 01 2023,93,62,0
07:12:41 PM May 01 2023,93,62,0
07:12:45 PM May 01 2023,93,62,0
07:12:49 PM May 01 2023,92,62,0
07:12:53 PM May 01 2023,92,62,0
07:12:57 PM May 01 2023,92,62,0
07:13:01 PM May 01 2023,91,61,3
07:13:05 PM May 01 2023,91,61,0
07:13:09 PM May 01 2023,91,61,0
07:13:13 PM May 01 2023,90,61,22
07:13:17 PM May 01 2023,90,61,22
07:13:21 PM May 01 2023,91,62,0
07:13:25 PM May 01 2023,91,62,0
07:13:29 PM May 01 2023,90,63,2
07:13:33 PM May 01 2023,90,61,1
07:13:37 PM May 01 2023,90,62,0
07:13:41 PM May 01 2023,91,62,0
07:13:45 PM May 01 2023,92,59,0
07:13:49 PM May 01 2023,93,59,1
07:13:53 PM May 01 2023,94,59,0
07:13:57 PM May 01 2023,95,59,0
07:14:01 PM May 01 2023,95,59,7
07:14:05 PM May 01 2023,95,59,11
07:14:09 PM May 01 2023,94,57,0
07:14:13 PM May 01 2023,94,57,0
07:14:17 PM May 01 2023,94,58,0
07:14:21 PM May 01 2023,95,58,0
07:14:25 PM May 01 2023,95,58,0
07:14:29 PM May 01 2023,95,58,0
07:14:33 PM May 01 2023,95,59,0
07:14:37 PM May 01 2023,94,59,0
07:14:41 PM May 01 2023,94,59,0
07:14:45 PM May 01 2023,94,59,0
07:14:49 PM May 01 2023,94,60,0
07:14:53 PM May 01 2023,94,60,1
07:14:57 PM May 01 2023,94,60,0
07:15:01 PM May 01 2023,94,60,1
07:15:05 PM May 01 2023,94,60,0
07:15:09 PM May 01 2023,94,60,0
07:15:13 PM May 01 2023,94,61,0
07:15:17 PM May 01 2023,94,61,0
07:15:21 PM May 01 2023,93,61,0
07:15:25 PM May 01 2023,93,61,0
07:15:29 PM May 01 2023,93,61,0
07:15:33 PM May 01 2023,93,60,0
07:15:37 PM May 01 2023,93,59,0
07:15:41 PM May 01 2023,94,59,0
07:15:45 PM May 01 2023,94,60,0
07:15:49 PM May 01 2023,93,58,0
07:15:53 PM May 01 2023,93,59,0
07:15:57 PM May 01 2023,93,60,0
07:16:01 PM May 01 2023,93,60,0
07:16:05 PM May 01 2023,93,61,0
07:16:09 PM May 01 2023,93,62,0
07:16:13 PM May 01 2023,93,62,0
07:16:17 PM May 01 2023,93,61,0
07:16:21 PM May 01 2023,93,60,0
07:16:25 PM May 01 2023,92,59,0
07:16:29 PM May 01 2023,92,59,0
07:16:33 PM May 01 2023,91,59,0
07:16:37 PM May 01 2023,91,58,0
07:16:41 PM May 01 2023,92,57,0
07:16:45 PM May 01 2023,93,57,1
07:16:49 PM May 01 2023,93,58,0
07:16:53 PM May 01 2023,93,59,0
07:16:57 PM May 01 2023,93,59,0
07:17:01 PM May 01 2023,93,59,0
07:17:05 PM May 01 2023,93,60,0
07:17:09 PM May 01 2023,92,61,0
07:17:13 PM May 01 2023,92,61,0
07:17:17 PM May 01 2023,92,60,0
07:17:21 PM May 01 2023,91,60,0
07:17:25 PM May 01 2023,91,59,0
07:17:29 PM May 01 2023,91,59,0
07:17:33 PM May 01 2023,91,59,0
07:17:37 PM May 01 2023,91,60,0
07:17:41 PM May 01 2023,91,61,0
07:17:45 PM May 01 2023,91,61,0
07:17:49 PM May 01 2023,90,61,2
07:17:53 PM May 01 2023,91,60,0
07:17:57 PM May 01 2023,91,59,0
07:18:01 PM May 01 2023,91,59,0
07:18:05 PM May 01 2023,91,59,16
07:18:09 PM May 01 2023,91,61,9
07:18:13 PM May 01 2023,92,60,0
07:18:17 PM May 01 2023,93,58,0
07:18:21 PM May 01 2023,93,60,0
07:18:25 PM May 01 2023,93,60,0
07:18:29 PM May 01 2023,93,60,0
07:18:33 PM May 01 2023,93,59,0
07:18:37 PM May 01 2023,93,58,0
07:18:41 PM May 01 2023,93,58,0
07:18:45 PM May 01 2023,94,58,0
07:18:49 PM May 01 2023,94,58,0
07:18:53 PM May 01 2023,95,58,0
07:18:57 PM May 01 2023,95,58,9
07:19:01 PM May 01 2023,95,59,1
07:19:05 PM May 01 2023,96,61,0
07:19:09 PM May 01 2023,96,60,6
07:19:13 PM May 01 2023,96,60,0
07:19:17 PM May 01 2023,96,60,0
07:19:21 PM May 01 2023,95,60,0
07:19:25 PM May 01 2023,95,60,0
07:19:29 PM May 01 2023,95,59,0
07:19:33 PM May 01 2023,95,59,0
07:19:37 PM May 01 2023,96,58,0
07:19:41 PM May 01 2023,96,58,0
07:19:45 PM May 01 2023,96,57,0
07:19:49 PM May 01 2023,96,57,0
07:19:53 PM May 01 2023,96,57,0
07:19:57 PM May 01 2023,96,57,0
07:20:01 PM May 01 2023,95,58,0
07:20:05 PM May 01 2023,95,60,0
07:20:09 PM May 01 2023,95,60,0
07:20:13 PM May 01 2023,95,60,0
07:20:17 PM May 01 2023,94,59,0
07:20:21 PM May 01 2023,94,59,0
07:20:25 PM May 01 2023,94,59,0
07:20:29 PM May 01 2023,94,59,0
07:20:33 PM May 01 2023,94,59,0
07:20:37 PM May 01 2023,93,59,0
07:20:41 PM May 01 2023,93,60,0
07:20:45 PM May 01 2023,93,60,0
07:20:49 PM May 01 2023,93,60,0
07:20:53 PM May 01 2023,93,61,0
07:20:57 PM May 01 2023,92,61,0
07:21:01 PM May 01 2023,92,62,10
07:21:05 PM May 01 2023,92,62,5
07:21:09 PM May 01 2023,92,62,0
07:21:13 PM May 01 2023,92,62,0
07:21:17 PM May 01 2023,92,61,0
07:21:21 PM May 01 2023,92,59,0
07:21:25 PM May 01 2023,92,58,0
07:21:29 PM May 01 2023,92,58,0
07:21:33 PM May 01 2023,93,58,0
07:21:37 PM May 01 2023,93,58,0
07:21:41 PM May 01 2023,93,59,0
07:21:45 PM May 01 2023,93,57,0
07:21:49 PM May 01 2023,93,58,0
07:21:53 PM May 01 2023,93,58,0
07:21:57 PM May 01 2023,94,57,4
07:22:01 PM May 01 2023,94,58,9
07:22:05 PM May 01 2023,94,58,11
07:22:09 PM May 01 2023,94,58,30
07:22:13 PM May 01 2023,95,63,0
07:22:17 PM May 01 2023,94,65,2
07:22:21 PM May 01 2023,96,65,0
07:22:25 PM May 01 2023,95,64,0
07:22:29 PM May 01 2023,93,62,0
07:22:33 PM May 01 2023,93,61,0
07:22:37 PM May 01 2023,93,60,0
07:22:41 PM May 01 2023,93,59,0
07:22:45 PM May 01 2023,93,52,0
07:22:49 PM May 01 2023,94,54,0
07:22:53 PM May 01 2023,94,60,0
07:22:57 PM May 01 2023,94,60,0
07:23:01 PM May 01 2023,94,60,0
07:23:05 PM May 01 2023,94,60,0
07:23:09 PM May 01 2023,93,62,10
07:23:13 PM May 01 2023,93,63,0
07:23:17 PM May 01 2023,93,62,0
07:23:21 PM May 01 2023,93,60,0
07:23:25 PM May 01 2023,93,60,0
07:23:29 PM May 01 2023,94,60,0
07:23:33 PM May 01 2023,94,60,0
07:23:37 PM May 01 2023,94,61,0
07:23:41 PM May 01 2023,94,61,0
07:23:45 PM May 01 2023,94,61,0
07:23:49 PM May 01 2023,94,61,0
07:23:53 PM May 01 2023,94,62,0
07:23:57 PM May 01 2023,94,62,0
07:24:01 PM May 01 2023,93,60,0
07:24:05 PM May 01 2023,94,60,0
07:24:09 PM May 01 2023,94,60,0
07:24:13 PM May 01 2023,94,59,0
07:24:17 PM May 01 2023,94,60,0
07:24:21 PM May 01 2023,94,60,0
07:24:25 PM May 01 2023,94,60,0
07:24:29 PM May 01 2023,94,58,0
07:24:33 PM May 01 2023,95,58,14
07:24:37 PM May 01 2023,95,58,0
07:24:41 PM May 01 2023,94,64,0
07:24:45 PM May 01 2023,94,66,0
07:24:49 PM May 01 2023,94,66,0
07:24:53 PM May 01 2023,94,60,0
07:24:57 PM May 01 2023,94,59,0
07:25:01 PM May 01 2023,94,59,0
07:25:05 PM May 01 2023,94,59,0
07:25:09 PM May 01 2023,94,59,0
07:25:13 PM May 01 2023,94,60,0
07:25:17 PM May 01 2023,94,60,0
07:25:21 PM May 01 2023,94,60,0
07:25:25 PM May 01 2023,94,60,0
07:25:29 PM May 01 2023,93,60,0
07:25:33 PM May 01 2023,93,59,0
07:25:37 PM May 01 2023,93,59,1
07:25:41 PM May 01 2023,93,60,0
07:25:45 PM May 01 2023,93,61,0
07:25:49 PM May 01 2023,93,62,0
07:25:53 PM May 01 2023,93,61,0
07:25:57 PM May 01 2023,92,59,0
07:26:01 PM May 01 2023,92,60,0
07:26:05 PM May 01 2023,92,61,0
07:26:09 PM May 01 2023,93,55,0
07:26:13 PM May 01 2023,93,54,0
07:26:17 PM May 01 2023,93,55,0
07:26:21 PM May 01 2023,93,61,0
07:26:25 PM May 01 2023,93,61,0
07:26:29 PM May 01 2023,93,60,0
07:26:33 PM May 01 2023,92,60,0
07:26:37 PM May 01 2023,92,60,0
07:26:41 PM May 01 2023,92,61,0
07:26:45 PM May 01 2023,92,62,0
07:26:49 PM May 01 2023,92,62,0
07:26:53 PM May 01 2023,92,61,0
07:26:57 PM May 01 2023,92,61,0
07:27:01 PM May 01 2023,92,61,0
07:27:05 PM May 01 2023,92,60,0
07:27:09 PM May 01 2023,92,60,0
07:27:13 PM May 01 2023,92,60,0
07:27:17 PM May 01 2023,92,59,0
07:27:21 PM May 01 2023,93,59,0
07:27:25 PM May 01 2023,93,61,1
07:27:29 PM May 01 2023,93,61,1
07:27:33 PM May 01 2023,93,62,1
07:27:37 PM May 01 2023,92,61,1
07:27:41 PM May 01 2023,92,61,1
07:27:45 PM May 01 2023,92,62,0
07:27:49 PM May 01 2023,93,61,0
07:27:53 PM May 01 2023,93,61,0
07:27:57 PM May 01 2023,93,60,1
07:28:01 PM May 01 2023,93,59,0
07:28:05 PM May 01 2023,93,58,1
07:28:09 PM May 01 2023,93,58,0
07:28:13 PM May 01 2023,93,60,0
07:28:17 PM May 01 2023,94,60,1
07:28:21 PM May 01 2023,93,60,12
07:28:25 PM May 01 2023,92,62,0
07:28:29 PM May 01 2023,92,62,0
07:28:33 PM May 01 2023,92,60,0
07:28:37 PM May 01 2023,92,59,0
07:28:41 PM May 01 2023,92,59,0
07:28:45 PM May 01 2023,92,58,9
07:28:49 PM May 01 2023,92,58,40
07:28:53 PM May 01 2023,92,59,0
07:28:57 PM May 01 2023,93,59,9
07:29:01 PM May 01 2023,93,59,15
07:29:05 PM May 01 2023,93,60,0
07:29:09 PM May 01 2023,92,61,0
07:29:13 PM May 01 2023,91,61,0
07:29:17 PM May 01 2023,91,61,0
07:29:21 PM May 01 2023,92,60,0
07:29:25 PM May 01 2023,92,60,0
07:29:29 PM May 01 2023,92,59,0
07:29:33 PM May 01 2023,92,59,0
07:29:37 PM May 01 2023,92,59,7
07:29:41 PM May 01 2023,92,62,0
07:29:45 PM May 01 2023,93,62,0
07:29:49 PM May 01 2023,93,60,0
07:29:53 PM May 01 2023,94,59,0
07:29:57 PM May 01 2023,94,58,0
07:30:01 PM May 01 2023,94,58,0
07:30:05 PM May 01 2023,94,58,0
07:30:09 PM May 01 2023,94,57,0
07:30:13 PM May 01 2023,94,57,0
07:30:17 PM May 01 2023,95,57,5
07:30:21 PM May 01 2023,96,58,0
07:30:25 PM May 01 2023,95,60,0
07:30:29 PM May 01 2023,93,60,0
07:30:33 PM May 01 2023,93,59,0
07:30:37 PM May 01 2023,93,58,0
07:30:41 PM May 01 2023,93,57,0
07:30:45 PM May 01 2023,93,57,0
07:30:49 PM May 01 2023,93,58,0
07:30:53 PM May 01 2023,93,60,12
07:30:57 PM May 01 2023,94,58,0
07:31:01 PM May 01 2023,94,59,15
07:31:05 PM May 01 2023,94,59,0
07:31:09 PM May 01 2023,94,61,0
07:31:13 PM May 01 2023,94,65,0
07:31:17 PM May 01 2023,93,64,0
07:31:21 PM May 01 2023,93,59,0
07:31:25 PM May 01 2023,93,59,0
07:31:29 PM May 01 2023,93,62,0
07:31:33 PM May 01 2023,94,62,7
07:31:37 PM May 01 2023,94,62,6
07:31:41 PM May 01 2023,94,62,0
07:31:45 PM May 01 2023,93,61,0
07:31:49 PM May 01 2023,93,58,1
07:31:53 PM May 01 2023,93,59,0
07:31:57 PM May 01 2023,93,59,0
07:32:01 PM May 01 2023,93,58,0
07:32:05 PM May 01 2023,93,57,1
07:32:09 PM May 01 2023,93,57,14
07:32:13 PM May 01 2023,93,57,13
07:32:17 PM May 01 2023,93,60,0
07:32:21 PM May 01 2023,93,63,0
07:32:25 PM May 01 2023,94,64,0
07:32:29 PM May 01 2023,95,62,0
07:32:33 PM May 01 2023,96,62,1
07:32:37 PM May 01 2023,95,62,0
07:32:41 PM May 01 2023,94,61,0
07:32:45 PM May 01 2023,95,61,0
07:32:49 PM May 01 2023,95,60,0
07:32:53 PM May 01 2023,95,60,1
07:32:57 PM May 01 2023,95,60,0
07:33:01 PM May 01 2023,95,59,0
07:33:05 PM May 01 2023,95,59,0
07:33:09 PM May 01 2023,95,60,12
07:33:13 PM May 01 2023,95,62,18
07:33:17 PM May 01 2023,95,64,0
07:33:21 PM May 01 2023,94,63,0
07:33:25 PM May 01 2023,93,62,0
07:33:29 PM May 01 2023,93,61,0
07:33:33 PM May 01 2023,93,62,0
07:33:37 PM May 01 2023,93,62,0
07:33:41 PM May 01 2023,93,61,1
07:33:45 PM May 01 2023,93,64,10
07:33:49 PM May 01 2023,94,65,9
07:33:53 PM May 01 2023,94,64,8
07:33:57 PM May 01 2023,94,62,2
07:34:01 PM May 01 2023,94,61,0
07:34:05 PM May 01 2023,93,60,0
07:34:09 PM May 01 2023,94,59,0
07:34:13 PM May 01 2023,95,59,0
07:34:17 PM May 01 2023,95,58,2
07:34:21 PM May 01 2023,95,58,1
07:34:25 PM May 01 2023,95,56,1
07:34:29 PM May 01 2023,95,58,8
07:34:33 PM May 01 2023,95,59,0
07:34:37 PM May 01 2023,94,61,0
07:34:41 PM May 01 2023,95,62,2
07:34:45 PM May 01 2023,95,62,0
07:34:49 PM May 01 2023,94,61,3
07:34:53 PM May 01 2023,95,61,2
07:34:57 PM May 01 2023,94,62,1
07:35:01 PM May 01 2023,93,61,0
07:35:05 PM May 01 2023,93,61,0
07:35:09 PM May 01 2023,93,61,0
07:35:13 PM May 01 2023,93,60,0
07:35:17 PM May 01 2023,93,60,0
07:35:21 PM May 01 2023,93,58,0
07:35:25 PM May 01 2023,94,57,0
07:35:29 PM May 01 2023,94,57,0
07:35:33 PM May 01 2023,95,57,0
07:35:37 PM May 01 2023,95,57,0
07:35:41 PM May 01 2023,94,58,0
07:35:45 PM May 01 2023,94,59,0
07:35:49 PM May 01 2023,94,60,0
07:35:53 PM May 01 2023,93,61,0
07:35:57 PM May 01 2023,93,62,0
07:36:01 PM May 01 2023,93,61,0
07:36:05 PM May 01 2023,93,61,0
07:36:09 PM May 01 2023,92,60,0
07:36:13 PM May 01 2023,92,60,0
07:36:17 PM May 01 2023,92,60,0
07:36:21 PM May 01 2023,92,60,0
07:36:25 PM May 01 2023,92,60,0
07:36:29 PM May 01 2023,92,60,3
07:36:33 PM May 01 2023,92,60,0
07:36:37 PM May 01 2023,93,60,0
07:36:41 PM May 01 2023,92,60,0
07:36:45 PM May 01 2023,93,60,0
07:36:49 PM May 01 2023,93,60,0
07:36:53 PM May 01 2023,93,59,0
07:36:57 PM May 01 2023,93,58,0
07:37:01 PM May 01 2023,93,57,0
07:37:05 PM May 01 2023,93,57,0
07:37:09 PM May 01 2023,94,57,0
07:37:13 PM May 01 2023,94,57,0
07:37:17 PM May 01 2023,94,58,0
07:37:21 PM May 01 2023,94,58,0
07:37:25 PM May 01 2023,94,59,0
07:37:29 PM May 01 2023,94,60,0
07:37:33 PM May 01 2023,93,60,0
07:37:37 PM May 01 2023,92,61,0
07:37:41 PM May 01 2023,92,61,0
07:37:45 PM May 01 2023,92,61,0
07:37:49 PM May 01 2023,92,61,0
07:37:53 PM May 01 2023,92,61,0
07:37:57 PM May 01 2023,92,61,2
07:38:01 PM May 01 2023,92,61,0
07:38:05 PM May 01 2023,92,60,0
07:38:09 PM May 01 2023,92,60,0
07:38:13 PM May 01 2023,92,60,0
07:38:17 PM May 01 2023,92,59,0
07:38:21 PM May 01 2023,93,58,0
07:38:25 PM May 01 2023,93,58,0
07:38:29 PM May 01 2023,93,56,0
07:38:33 PM May 01 2023,94,56,0
07:38:37 PM May 01 2023,94,57,0
07:38:41 PM May 01 2023,94,58,0
07:38:45 PM May 01 2023,94,59,0
07:38:49 PM May 01 2023,93,60,0
07:38:53 PM May 01 2023,93,61,0
07:38:57 PM May 01 2023,93,61,0
07:39:01 PM May 01 2023,92,61,2
07:39:05 PM May 01 2023,92,62,2
07:39:09 PM May 01 2023,91,61,0
07:39:13 PM May 01 2023,91,61,1
07:39:17 PM May 01 2023,92,62,0
07:39:21 PM May 01 2023,92,60,0
07:39:25 PM May 01 2023,92,60,1
07:39:29 PM May 01 2023,92,60,0
07:39:33 PM May 01 2023,93,59,0
07:39:37 PM May 01 2023,93,59,1
07:39:41 PM May 01 2023,94,58,0
07:39:45 PM May 01 2023,94,58,0
07:39:49 PM May 01 2023,94,60,0
07:39:53 PM May 01 2023,94,60,1
07:39:57 PM May 01 2023,94,60,0
07:40:01 PM May 01 2023,94,60,1
07:40:05 PM May 01 2023,95,60,2
07:40:09 PM May 01 2023,95,62,0
07:40:13 PM May 01 2023,94,62,0
07:40:17 PM May 01 2023,94,59,0
07:40:21 PM May 01 2023,94,59,0
07:40:25 PM May 01 2023,94,59,0
07:40:29 PM May 01 2023,94,59,7
07:40:33 PM May 01 2023,94,59,72
07:40:37 PM May 01 2023,94,59,123
07:40:41 PM May 01 2023,94,59,22
07:40:45 PM May 01 2023,94,59,6
07:40:49 PM May 01 2023,94,60,0
07:40:53 PM May 01 2023,94,60,0
07:40:57 PM May 01 2023,94,60,0
07:41:01 PM May 01 2023,94,60,0
07:41:05 PM May 01 2023,94,60,0
07:41:09 PM May 01 2023,94,60,0
07:41:13 PM May 01 2023,94,59,0
07:41:17 PM May 01 2023,94,58,1
07:41:21 PM May 01 2023,94,59,0
07:41:25 PM May 01 2023,94,59,0
07:41:29 PM May 01 2023,93,60,0
07:41:33 PM May 01 2023,94,56,4
07:41:37 PM May 01 2023,94,56,0
07:41:41 PM May 01 2023,94,58,1
07:41:45 PM May 01 2023,94,58,0
07:41:49 PM May 01 2023,94,58,0
07:41:53 PM May 01 2023,95,58,0
07:41:57 PM May 01 2023,95,58,0
07:42:01 PM May 01 2023,95,59,16
07:42:05 PM May 01 2023,94,60,5
07:42:09 PM May 01 2023,94,60,4
07:42:13 PM May 01 2023,93,60,25
07:42:17 PM May 01 2023,93,60,3
07:42:21 PM May 01 2023,92,62,0
07:42:25 PM May 01 2023,92,62,0
07:42:29 PM May 01 2023,92,64,8
07:42:33 PM May 01 2023,91,63,0
07:42:37 PM May 01 2023,91,60,0
07:42:41 PM May 01 2023,92,60,0
07:42:45 PM May 01 2023,92,60,0
07:42:49 PM May 01 2023,93,58,0
07:42:53 PM May 01 2023,94,57,12
07:42:57 PM May 01 2023,94,57,17
07:43:01 PM May 01 2023,94,57,7
07:43:05 PM May 01 2023,95,58,0
07:43:09 PM May 01 2023,95,59,0
07:43:13 PM May 01 2023,95,60,0
07:43:17 PM May 01 2023,94,60,0
07:43:21 PM May 01 2023,94,59,1
07:43:25 PM May 01 2023,94,58,0
07:43:29 PM May 01 2023,94,58,0
07:43:33 PM May 01 2023,94,58,0
07:43:37 PM May 01 2023,94,57,0
07:43:41 PM May 01 2023,94,59,0
07:43:45 PM May 01 2023,94,60,0
07:43:49 PM May 01 2023,93,60,0
07:43:53 PM May 01 2023,93,60,0
07:43:57 PM May 01 2023,92,59,0
07:44:01 PM May 01 2023,92,60,1
07:44:05 PM May 01 2023,92,63,2
07:44:09 PM May 01 2023,91,63,0
07:44:13 PM May 01 2023,92,60,0
07:44:17 PM May 01 2023,91,61,8
07:44:21 PM May 01 2023,92,61,0
07:44:25 PM May 01 2023,92,62,0
07:44:29 PM May 01 2023,93,61,0
07:44:33 PM May 01 2023,93,60,0
07:44:37 PM May 01 2023,93,59,0
07:44:41 PM May 01 2023,93,59,0
07:44:45 PM May 01 2023,93,59,33
07:44:49 PM May 01 2023,93,59,6
07:44:53 PM May 01 2023,93,60,4
07:44:57 PM May 01 2023,94,60,0
07:45:01 PM May 01 2023,94,60,0
07:45:05 PM May 01 2023,95,61,0
07:45:09 PM May 01 2023,94,61,1
07:45:13 PM May 01 2023,95,60,0
07:45:17 PM May 01 2023,95,60,0
07:45:21 PM May 01 2023,95,59,0
07:45:25 PM May 01 2023,95,59,0
07:45:29 PM May 01 2023,95,60,0
07:45:33 PM May 01 2023,95,59,0
07:45:37 PM May 01 2023,95,60,0
07:45:41 PM May 01 2023,95,60,0
07:45:45 PM May 01 2023,95,59,0
07:45:49 PM May 01 2023,95,58,0
07:45:53 PM May 01 2023,95,58,0
07:45:57 PM May 01 2023,95,58,4
07:46:01 PM May 01 2023,95,59,0
07:46:05 PM May 01 2023,95,60,0
07:46:09 PM May 01 2023,95,60,0
07:46:13 PM May 01 2023,95,61,0
07:46:17 PM May 01 2023,94,61,0
07:46:21 PM May 01 2023,94,61,0
07:46:25 PM May 01 2023,94,61,0
07:46:29 PM May 01 2023,93,62,1
07:46:33 PM May 01 2023,93,62,1
07:46:37 PM May 01 2023,93,62,13
07:46:41 PM May 01 2023,93,62,2
07:46:45 PM May 01 2023,93,62,0
07:46:49 PM May 01 2023,93,62,34
07:46:53 PM May 01 2023,95,62,9
07:46:57 PM May 01 2023,95,61,4
07:47:01 PM May 01 2023,96,61,0
07:47:05 PM May 01 2023,96,58,0
07:47:09 PM May 01 2023,95,59,0
07:47:13 PM May 01 2023,95,58,0
07:47:17 PM May 01 2023,95,60,0
07:47:21 PM May 01 2023,95,59,0
07:47:25 PM May 01 2023,95,58,0
07:47:29 PM May 01 2023,95,58,0
07:47:33 PM May 01 2023,95,58,0
07:47:37 PM May 01 2023,96,58,0
07:47:41 PM May 01 2023,96,58,0
07:47:45 PM May 01 2023,96,58,0
07:47:49 PM May 01 2023,95,59,0
07:47:53 PM May 01 2023,95,61,0
07:47:57 PM May 01 2023,94,63,0
07:48:01 PM May 01 2023,94,61,0
07:48:05 PM May 01 2023,95,59,0
07:48:09 PM May 01 2023,95,59,0
07:48:13 PM May 01 2023,95,58,0
07:48:17 PM May 01 2023,94,58,0
07:48:21 PM May 01 2023,94,57,7
07:48:25 PM May 01 2023,94,58,1
07:48:29 PM May 01 2023,94,58,0
07:48:33 PM May 01 2023,94,59,0
07:48:37 PM May 01 2023,94,60,0
07:48:41 PM May 01 2023,94,60,0
07:48:45 PM May 01 2023,94,60,8
07:48:49 PM May 01 2023,94,62,20
07:48:53 PM May 01 2023,93,63,2
07:48:57 PM May 01 2023,93,65,0
07:49:01 PM May 01 2023,94,65,1
07:49:05 PM May 01 2023,94,66,2
07:49:09 PM May 01 2023,94,66,0
07:49:13 PM May 01 2023,94,62,2
07:49:17 PM May 01 2023,94,60,1
07:49:21 PM May 01 2023,94,60,3
07:49:25 PM May 01 2023,93,58,0
07:49:29 PM May 01 2023,92,57,1
07:49:33 PM May 01 2023,92,57,15
07:49:37 PM May 01 2023,95,58,0
07:49:41 PM May 01 2023,96,57,0
07:49:45 PM May 01 2023,96,57,0
07:49:49 PM May 01 2023,96,58,1
07:49:53 PM May 01 2023,96,60,0
07:49:57 PM May 01 2023,95,63,0
07:50:01 PM May 01 2023,95,63,0
07:50:05 PM May 01 2023,95,63,0
07:50:09 PM May 01 2023,94,63,0
07:50:13 PM May 01 2023,94,63,4
07:50:17 PM May 01 2023,94,65,4
07:50:21 PM May 01 2023,93,64,0
07:50:25 PM May 01 2023,93,61,0
07:50:29 PM May 01 2023,92,59,0
07:50:33 PM May 01 2023,92,61,0
07:50:37 PM May 01 2023,92,63,1
07:50:41 PM May 01 2023,94,66,9
07:50:45 PM May 01 2023,94,67,6
07:50:49 PM May 01 2023,95,66,8
07:50:53 PM May 01 2023,95,66,5
07:50:57 PM May 01 2023,95,66,21
07:51:01 PM May 01 2023,95,66,8
07:51:05 PM May 01 2023,96,64,0
07:51:09 PM May 01 2023,96,62,0
07:51:13 PM May 01 2023,94,59,0
07:51:17 PM May 01 2023,94,59,18
07:51:21 PM May 01 2023,94,59,3
07:51:25 PM May 01 2023,95,60,0
07:51:29 PM May 01 2023,95,59,0
07:51:33 PM May 01 2023,95,56,0
07:51:37 PM May 01 2023,95,56,8
07:51:41 PM May 01 2023,95,51,6
07:51:45 PM May 01 2023,96,51,0
07:51:49 PM May 01 2023,96,53,0
07:51:53 PM May 01 2023,96,56,0
07:51:57 PM May 01 2023,96,58,0
07:52:01 PM May 01 2023,96,59,0
07:52:05 PM May 01 2023,96,60,7
07:52:09 PM May 01 2023,96,60,18
07:52:13 PM May 01 2023,97,60,12
07:52:17 PM May 01 2023,97,60,15
07:52:21 PM May 01 2023,98,62,14
07:52:25 PM May 01 2023,98,62,17
07:52:29 PM May 01 2023,98,62,3
07:52:33 PM May 01 2023,97,63,0
07:52:37 PM May 01 2023,97,64,0
07:52:41 PM May 01 2023,97,64,1
07:52:45 PM May 01 2023,96,66,0
07:52:49 PM May 01 2023,94,65,0
07:52:53 PM May 01 2023,94,65,1
07:52:57 PM May 01 2023,95,61,0
07:53:01 PM May 01 2023,96,60,0
07:53:05 PM May 01 2023,96,58,0
07:53:09 PM May 01 2023,96,58,1
07:53:13 PM May 01 2023,96,58,0
07:53:17 PM May 01 2023,96,58,0
07:53:21 PM May 01 2023,96,58,0
07:53:25 PM May 01 2023,96,59,0
07:53:29 PM May 01 2023,96,59,3
07:53:33 PM May 01 2023,96,62,6
07:53:37 PM May 01 2023,95,67,0
07:53:41 PM May 01 2023,95,66,0
07:53:45 PM May 01 2023,94,62,0
07:53:49 PM May 01 2023,94,62,0
07:53:53 PM May 01 2023,93,63,0
07:53:57 PM May 01 2023,93,62,24
07:54:01 PM May 01 2023,93,62,6
07:54:05 PM May 01 2023,93,62,2
07:54:09 PM May 01 2023,94,61,0
07:54:13 PM May 01 2023,95,61,4
07:54:17 PM May 01 2023,95,60,2
07:54:21 PM May 01 2023,95,61,0
07:54:25 PM May 01 2023,94,61,0
07:54:29 PM May 01 2023,94,60,0
07:54:33 PM May 01 2023,95,58,0
07:54:37 PM May 01 2023,95,57,11
07:54:41 PM May 01 2023,95,57,4
07:54:45 PM May 01 2023,95,55,0
07:54:49 PM May 01 2023,95,55,0
07:54:53 PM May 01 2023,96,57,0
07:54:57 PM May 01 2023,96,59,0
07:55:01 PM May 01 2023,96,62,0
07:55:05 PM May 01 2023,96,61,2
07:55:09 PM May 01 2023,96,61,9
07:55:13 PM May 01 2023,95,62,4
07:55:17 PM May 01 2023,95,62,4
07:55:21 PM May 01 2023,95,62,11
07:55:25 PM May 01 2023,95,62,14
07:55:29 PM May 01 2023,95,64,0
07:55:33 PM May 01 2023,95,61,0
07:55:37 PM May 01 2023,95,60,3
07:55:41 PM May 01 2023,95,59,1
07:55:45 PM May 01 2023,96,60,0
07:55:49 PM May 01 2023,96,61,12
07:55:53 PM May 01 2023,96,61,21
07:55:57 PM May 01 2023,96,61,34
07:56:01 PM May 01 2023,96,61,0
07:56:05 PM May 01 2023,96,61,0
07:56:09 PM May 01 2023,96,59,1
07:56:13 PM May 01 2023,96,59,0
07:56:17 PM May 01 2023,96,58,0
07:56:21 PM May 01 2023,96,57,0
07:56:25 PM May 01 2023,96,57,0
07:56:29 PM May 01 2023,96,56,0
07:56:33 PM May 01 2023,96,56,0
07:56:37 PM May 01 2023,96,57,0
07:56:41 PM May 01 2023,95,58,0
07:56:45 PM May 01 2023,94,60,0
07:56:49 PM May 01 2023,93,62,13
07:56:53 PM May 01 2023,91,63,19
07:56:57 PM May 01 2023,90,63,0
07:57:01 PM May 01 2023,90,63,0
07:57:05 PM May 01 2023,89,62,0
07:57:09 PM May 01 2023,89,62,0
07:57:13 PM May 01 2023,90,61,0
07:57:17 PM May 01 2023,90,59,0
07:57:21 PM May 01 2023,91,58,0
07:57:25 PM May 01 2023,92,59,0
07:57:29 PM May 01 2023,94,59,0
07:57:33 PM May 01 2023,95,58,0
07:57:37 PM May 01 2023,94,57,0
07:57:41 PM May 01 2023,94,57,0
07:57:45 PM May 01 2023,94,58,0
07:57:49 PM May 01 2023,93,58,0
07:57:53 PM May 01 2023,93,59,0
07:57:57 PM May 01 2023,92,60,0
07:58:01 PM May 01 2023,92,59,0
07:58:05 PM May 01 2023,92,59,0
07:58:09 PM May 01 2023,93,58,0
07:58:13 PM May 01 2023,93,59,0
07:58:17 PM May 01 2023,93,58,0
07:58:21 PM May 01 2023,93,59,0
07:58:25 PM May 01 2023,93,60,0
07:58:29 PM May 01 2023,92,59,0
07:58:33 PM May 01 2023,92,58,0
07:58:37 PM May 01 2023,92,58,0
07:58:41 PM May 01 2023,92,58,0
07:58:45 PM May 01 2023,92,58,0
07:58:49 PM May 01 2023,92,57,0
07:58:53 PM May 01 2023,92,57,0
07:58:57 PM May 01 2023,93,60,11
07:59:01 PM May 01 2023,93,60,31
07:59:05 PM May 01 2023,93,61,3
07:59:09 PM May 01 2023,93,59,0
07:59:13 PM May 01 2023,93,58,0
07:59:17 PM May 01 2023,93,58,0
07:59:21 PM May 01 2023,92,58,0
07:59:25 PM May 01 2023,92,58,0
07:59:29 PM May 01 2023,92,57,0
07:59:33 PM May 01 2023,92,57,0
07:59:37 PM May 01 2023,92,58,0
07:59:41 PM May 01 2023,92,59,0
07:59:45 PM May 01 2023,93,59,0
07:59:49 PM May 01 2023,93,58,0
07:59:53 PM May 01 2023,93,58,0
07:59:57 PM May 01 2023,92,58,0
08:00:01 PM May 01 2023,92,59,0
08:00:05 PM May 01 2023,92,59,0
08:00:09 PM May 01 2023,92,58,0
08:00:13 PM May 01 2023,92,58,0
08:00:17 PM May 01 2023,92,59,0
08:00:21 PM May 01 2023,92,58,0
08:00:25 PM May 01 2023,92,56,1
08:00:29 PM May 01 2023,92,58,0
08:00:33 PM May 01 2023,92,58,1
08:00:37 PM May 01 2023,93,58,0
08:00:41 PM May 01 2023,93,58,0
08:00:45 PM May 01 2023,93,57,0
08:00:49 PM May 01 2023,93,56,0
08:00:53 PM May 01 2023,93,57,0
08:00:57 PM May 01 2023,93,58,0
08:01:01 PM May 01 2023,93,58,0
08:01:05 PM May 01 2023,93,60,0
08:01:09 PM May 01 2023,93,60,0
08:01:13 PM May 01 2023,93,59,0
08:01:17 PM May 01 2023,93,58,0
08:01:21 PM May 01 2023,93,58,0
08:01:25 PM May 01 2023,93,57,0
08:01:29 PM May 01 2023,93,57,0
08:01:33 PM May 01 2023,93,57,0
08:01:37 PM May 01 2023,93,57,0
08:01:41 PM May 01 2023,93,57,0
08:01:45 PM May 01 2023,93,57,0
08:01:49 PM May 01 2023,93,59,0
08:01:53 PM May 01 2023,93,60,0
08:01:57 PM May 01 2023,93,59,0
08:02:01 PM May 01 2023,93,58,0
08:02:05 PM May 01 2023,92,59,0
08:02:09 PM May 01 2023,92,60,0
08:02:13 PM May 01 2023,92,59,0
08:02:17 PM May 01 2023,91,58,0
08:02:21 PM May 01 2023,91,57,0
08:02:25 PM May 01 2023,91,57,0
08:02:29 PM May 01 2023,92,58,0
08:02:33 PM May 01 2023,93,57,0
08:02:37 PM May 01 2023,93,57,0
08:02:41 PM May 01 2023,93,56,0
08:02:45 PM May 01 2023,94,56,0
08:02:49 PM May 01 2023,93,56,0
08:02:53 PM May 01 2023,93,59,0
08:02:57 PM May 01 2023,93,61,0
08:03:01 PM May 01 2023,93,63,0
08:03:05 PM May 01 2023,92,65,2
08:03:09 PM May 01 2023,93,63,8
08:03:13 PM May 01 2023,93,63,8
08:03:17 PM May 01 2023,93,63,4
08:03:21 PM May 01 2023,93,65,10
08:03:25 PM May 01 2023,92,64,0
08:03:29 PM May 01 2023,92,61,0
08:03:33 PM May 01 2023,92,58,0
08:03:37 PM May 01 2023,93,57,0
08:03:41 PM May 01 2023,93,56,3
08:03:45 PM May 01 2023,94,56,0
08:03:49 PM May 01 2023,96,55,0
08:03:53 PM May 01 2023,96,55,18
08:03:57 PM May 01 2023,96,55,8
08:04:01 PM May 01 2023,96,57,0
08:04:05 PM May 01 2023,96,57,2
08:04:09 PM May 01 2023,96,59,5
08:04:13 PM May 01 2023,96,59,8
08:04:17 PM May 01 2023,96,59,0
08:04:21 PM May 01 2023,96,59,0
08:04:25 PM May 01 2023,95,64,5
08:04:29 PM May 01 2023,95,64,1
08:04:33 PM May 01 2023,95,64,20
08:04:37 PM May 01 2023,95,67,0
08:04:41 PM May 01 2023,95,62,0
08:04:45 PM May 01 2023,95,63,12
08:04:49 PM May 01 2023,94,63,13
08:04:53 PM May 01 2023,94,63,142
08:04:57 PM May 01 2023,94,64,0
08:05:01 PM May 01 2023,95,60,0
08:05:05 PM May 01 2023,95,58,0
08:05:09 PM May 01 2023,95,57,8
08:05:13 PM May 01 2023,95,57,9
08:05:17 PM May 01 2023,95,61,6
08:05:21 PM May 01 2023,95,63,0
08:05:25 PM May 01 2023,95,63,7
08:05:29 PM May 01 2023,95,61,0
08:05:33 PM May 01 2023,95,59,0
08:05:37 PM May 01 2023,95,58,0
08:05:41 PM May 01 2023,95,58,15
08:05:45 PM May 01 2023,95,58,4
08:05:49 PM May 01 2023,95,57,0
08:05:53 PM May 01 2023,96,57,0
08:05:57 PM May 01 2023,96,56,0
08:06:01 PM May 01 2023,96,55,0
08:06:05 PM May 01 2023,96,56,1
08:06:09 PM May 01 2023,96,58,0
08:06:13 PM May 01 2023,96,60,0
08:06:17 PM May 01 2023,95,62,7
08:06:21 PM May 01 2023,95,62,7
08:06:25 PM May 01 2023,94,64,4
08:06:29 PM May 01 2023,94,66,11
08:06:33 PM May 01 2023,93,66,0
08:06:37 PM May 01 2023,93,65,0
08:06:41 PM May 01 2023,93,60,0
08:06:45 PM May 01 2023,93,58,9
08:06:49 PM May 01 2023,93,58,23
08:06:53 PM May 01 2023,94,58,1
08:06:57 PM May 01 2023,95,57,0
08:07:01 PM May 01 2023,96,56,1
08:07:05 PM May 01 2023,96,56,0
08:07:09 PM May 01 2023,96,56,1
08:07:13 PM May 01 2023,95,57,0
08:07:17 PM May 01 2023,94,57,1
08:07:21 PM May 01 2023,94,57,0
08:07:25 PM May 01 2023,93,58,0
08:07:29 PM May 01 2023,93,59,0
08:07:33 PM May 01 2023,93,60,0
08:07:37 PM May 01 2023,93,59,0
08:07:41 PM May 01 2023,92,58,0
08:07:45 PM May 01 2023,92,59,4
08:07:49 PM May 01 2023,92,59,0
08:07:53 PM May 01 2023,93,59,0
08:07:57 PM May 01 2023,93,58,0
08:08:01 PM May 01 2023,93,60,0
08:08:05 PM May 01 2023,93,59,1
08:08:09 PM May 01 2023,94,58,0
08:08:13 PM May 01 2023,94,58,0
08:08:17 PM May 01 2023,94,56,0
08:08:21 PM May 01 2023,94,57,0
08:08:25 PM May 01 2023,96,60,0
08:08:29 PM May 01 2023,95,60,0
08:08:33 PM May 01 2023,94,58,0
08:08:37 PM May 01 2023,94,58,0
08:08:41 PM May 01 2023,95,59,0
08:08:45 PM May 01 2023,94,60,0
08:08:49 PM May 01 2023,93,59,0
08:08:53 PM May 01 2023,93,59,0
08:08:57 PM May 01 2023,93,57,0
08:09:01 PM May 01 2023,93,56,0
08:09:05 PM May 01 2023,93,56,0
08:09:09 PM May 01 2023,93,56,1
08:09:13 PM May 01 2023,94,57,0
08:09:17 PM May 01 2023,94,56,0
08:09:21 PM May 01 2023,94,56,0
08:09:25 PM May 01 2023,95,59,0
08:09:29 PM May 01 2023,96,61,0
08:09:33 PM May 01 2023,96,62,0
08:09:37 PM May 01 2023,95,61,0
08:09:41 PM May 01 2023,94,58,0
08:09:45 PM May 01 2023,94,59,0
08:09:49 PM May 01 2023,94,60,0
08:09:53 PM May 01 2023,93,59,0
08:09:57 PM May 01 2023,93,58,0
08:10:01 PM May 01 2023,93,57,0
08:10:05 PM May 01 2023,93,57,0
08:10:09 PM May 01 2023,93,57,0
08:10:13 PM May 01 2023,93,57,0
08:10:17 PM May 01 2023,93,56,0
08:10:21 PM May 01 2023,94,56,0
08:10:25 PM May 01 2023,94,56,0
08:10:29 PM May 01 2023,94,55,0
08:10:33 PM May 01 2023,95,55,0
08:10:37 PM May 01 2023,95,59,0
08:10:41 PM May 01 2023,94,60,0
08:10:45 PM May 01 2023,94,59,0
08:10:49 PM May 01 2023,94,59,0
08:10:53 PM May 01 2023,94,58,0
08:10:57 PM May 01 2023,94,57,0
08:11:01 PM May 01 2023,93,56,0
08:11:05 PM May 01 2023,94,54,0
08:11:09 PM May 01 2023,94,56,0
08:11:13 PM May 01 2023,93,58,0
08:11:17 PM May 01 2023,93,56,0
08:11:21 PM May 01 2023,94,56,0
08:11:25 PM May 01 2023,94,55,0
08:11:29 PM May 01 2023,94,56,0
08:11:33 PM May 01 2023,94,59,0
08:11:37 PM May 01 2023,95,59,0
08:11:41 PM May 01 2023,94,59,0
08:11:45 PM May 01 2023,94,56,0
08:11:49 PM May 01 2023,94,56,0
08:11:53 PM May 01 2023,94,57,0
08:11:57 PM May 01 2023,94,57,0
08:12:01 PM May 01 2023,94,57,0
08:12:05 PM May 01 2023,94,57,0
08:12:09 PM May 01 2023,94,57,0
08:12:13 PM May 01 2023,94,57,0
08:12:17 PM May 01 2023,94,57,0
08:12:21 PM May 01 2023,94,57,0
08:12:25 PM May 01 2023,94,56,0
08:12:29 PM May 01 2023,94,57,0
08:12:33 PM May 01 2023,95,59,0
08:12:37 PM May 01 2023,94,59,0
08:12:41 PM May 01 2023,94,58,0
08:12:45 PM May 01 2023,94,57,0
08:12:49 PM May 01 2023,94,59,0
08:12:53 PM May 01 2023,94,60,0
08:12:57 PM May 01 2023,93,58,0
08:13:01 PM May 01 2023,94,57,0
08:13:05 PM May 01 2023,94,56,0
08:13:09 PM May 01 2023,94,56,0
08:13:13 PM May 01 2023,94,56,0
08:13:17 PM May 01 2023,95,56,0
08:13:21 PM May 01 2023,94,56,0
08:13:25 PM May 01 2023,94,57,0
08:13:29 PM May 01 2023,94,56,0
08:13:33 PM May 01 2023,94,56,0
08:13:37 PM May 01 2023,94,60,0
08:13:41 PM May 01 2023,94,60,0
08:13:45 PM May 01 2023,94,60,0
08:13:49 PM May 01 2023,94,56,0
08:13:53 PM May 01 2023,95,56,0
08:13:57 PM May 01 2023,95,57,0
08:14:01 PM May 01 2023,95,57,0
08:14:05 PM May 01 2023,94,57,0
08:14:09 PM May 01 2023,94,57,0
08:14:13 PM May 01 2023,95,56,0
08:14:17 PM May 01 2023,95,58,0
08:14:21 PM May 01 2023,96,61,0
08:14:25 PM May 01 2023,96,61,0
08:14:29 PM May 01 2023,95,57,0
08:14:33 PM May 01 2023,94,57,0
08:14:37 PM May 01 2023,94,57,0
08:14:41 PM May 01 2023,95,56,0
08:14:45 PM May 01 2023,95,56,0
08:14:49 PM May 01 2023,95,56,0
08:14:53 PM May 01 2023,95,56,0
08:14:57 PM May 01 2023,95,56,0
08:15:01 PM May 01 2023,95,56,0
08:15:05 PM May 01 2023,95,56,0
08:15:09 PM May 01 2023,95,56,0
08:15:13 PM May 01 2023,95,56,0
08:15:17 PM May 01 2023,95,55,0
08:15:21 PM May 01 2023,95,55,0
08:15:25 PM May 01 2023,94,58,0
08:15:29 PM May 01 2023,94,58,0
08:15:33 PM May 01 2023,95,59,0
08:15:37 PM May 01 2023,95,57,0
08:15:41 PM May 01 2023,95,57,0
08:15:45 PM May 01 2023,95,56,0
08:15:49 PM May 01 2023,95,56,0
08:15:53 PM May 01 2023,95,56,0
08:15:57 PM May 01 2023,95,56,0
08:16:01 PM May 01 2023,95,57,0
08:16:05 PM May 01 2023,95,57,0
08:16:09 PM May 01 2023,95,56,0
08:16:13 PM May 01 2023,95,56,0
08:16:17 PM May 01 2023,95,59,0
08:16:21 PM May 01 2023,95,62,0
08:16:25 PM May 01 2023,95,60,0
08:16:29 PM May 01 2023,95,59,0
08:16:33 PM May 01 2023,95,52,0
08:16:37 PM May 01 2023,95,52,0
08:16:41 PM May 01 2023,95,59,0
08:16:45 PM May 01 2023,95,59,0
08:16:49 PM May 01 2023,95,57,0
08:16:53 PM May 01 2023,95,57,0
08:16:57 PM May 01 2023,95,57,0
08:17:01 PM May 01 2023,95,59,0
08:17:05 PM May 01 2023,95,59,0
08:17:09 PM May 01 2023,95,57,0
08:17:13 PM May 01 2023,95,57,0
08:17:17 PM May 01 2023,95,56,0
08:17:21 PM May 01 2023,95,57,0
08:17:25 PM May 01 2023,95,59,0
08:17:29 PM May 01 2023,95,59,0
08:17:33 PM May 01 2023,95,57,0
08:17:37 PM May 01 2023,95,57,0
08:17:41 PM May 01 2023,95,56,0
08:17:45 PM May 01 2023,95,56,0
08:17:49 PM May 01 2023,95,56,0
08:17:53 PM May 01 2023,95,56,0
08:17:57 PM May 01 2023,95,56,0
08:18:01 PM May 01 2023,95,56,0
08:18:05 PM May 01 2023,95,56,0
08:18:09 PM May 01 2023,95,56,0
08:18:13 PM May 01 2023,95,54,0
08:18:17 PM May 01 2023,95,55,0
08:18:21 PM May 01 2023,95,55,0
08:18:25 PM May 01 2023,94,57,0
08:18:29 PM May 01 2023,94,56,0
08:18:33 PM May 01 2023,95,56,0
08:18:37 PM May 01 2023,95,56,0
08:18:41 PM May 01 2023,95,56,0
08:18:45 PM May 01 2023,95,57,0
08:18:49 PM May 01 2023,95,58,0
08:18:53 PM May 01 2023,95,59,0
08:18:57 PM May 01 2023,95,58,0
08:19:01 PM May 01 2023,95,57,0
08:19:05 PM May 01 2023,95,60,0
08:19:09 PM May 01 2023,95,60,0
08:19:13 PM May 01 2023,95,59,0
08:19:17 PM May 01 2023,95,57,0
08:19:21 PM May 01 2023,95,56,0
08:19:25 PM May 01 2023,94,56,0
08:19:29 PM May 01 2023,94,57,0
08:19:33 PM May 01 2023,94,58,0
08:19:37 PM May 01 2023,94,58,0
08:19:41 PM May 01 2023,94,57,0
08:19:45 PM May 01 2023,95,56,0
08:19:49 PM May 01 2023,95,56,0
08:19:53 PM May 01 2023,95,56,0
08:19:57 PM May 01 2023,95,56,0
08:20:01 PM May 01 2023,95,56,0
08:20:05 PM May 01 2023,95,56,0
08:20:09 PM May 01 2023,95,56,0
08:20:13 PM May 01 2023,95,56,0
08:20:17 PM May 01 2023,95,56,0
08:20:21 PM May 01 2023,95,56,0
08:20:25 PM May 01 2023,95,56,0
08:20:29 PM May 01 2023,95,57,0
08:20:33 PM May 01 2023,95,57,0
08:20:37 PM May 01 2023,94,56,0
08:20:41 PM May 01 2023,95,56,0
08:20:45 PM May 01 2023,95,56,0
08:20:49 PM May 01 2023,95,58,0
08:20:53 PM May 01 2023,95,58,0
08:20:57 PM May 01 2023,95,57,0
08:21:01 PM May 01 2023,95,56,0
08:21:05 PM May 01 2023,95,56,0
08:21:09 PM May 01 2023,95,55,0
08:21:13 PM May 01 2023,95,55,0
08:21:17 PM May 01 2023,95,60,0
08:21:21 PM May 01 2023,94,62,0
08:21:25 PM May 01 2023,93,59,0
08:21:29 PM May 01 2023,93,57,0
08:21:33 PM May 01 2023,93,57,0
08:21:37 PM May 01 2023,94,56,0
08:21:41 PM May 01 2023,94,56,0
08:21:45 PM May 01 2023,94,55,0
08:21:49 PM May 01 2023,94,55,0
08:21:53 PM May 01 2023,95,55,0
08:21:57 PM May 01 2023,95,56,0
08:22:01 PM May 01 2023,95,58,0
08:22:05 PM May 01 2023,95,59,0
08:22:09 PM May 01 2023,95,60,0
08:22:13 PM May 01 2023,95,60,0
08:22:17 PM May 01 2023,95,60,0
08:22:21 PM May 01 2023,95,58,0
08:22:25 PM May 01 2023,95,59,0
08:22:29 PM May 01 2023,95,58,0
08:22:33 PM May 01 2023,94,59,0
08:22:37 PM May 01 2023,94,59,0
08:22:41 PM May 01 2023,95,58,0
08:22:45 PM May 01 2023,95,57,0
08:22:49 PM May 01 2023,95,56,0
08:22:53 PM May 01 2023,95,56,0
08:22:57 PM May 01 2023,95,56,0
08:23:01 PM May 01 2023,95,56,0
08:23:05 PM May 01 2023,95,56,0
08:23:09 PM May 01 2023,95,55,0
08:23:13 PM May 01 2023,95,56,0
08:23:17 PM May 01 2023,95,56,0
08:23:21 PM May 01 2023,96,57,0
08:23:25 PM May 01 2023,95,58,0
08:23:29 PM May 01 2023,94,58,0
08:23:33 PM May 01 2023,95,58,0
08:23:37 PM May 01 2023,94,58,0
08:23:41 PM May 01 2023,94,59,0
08:23:45 PM May 01 2023,94,58,0
08:23:49 PM May 01 2023,94,57,0
08:23:53 PM May 01 2023,95,57,0
08:23:57 PM May 01 2023,95,58,0
08:24:01 PM May 01 2023,95,58,0
08:24:05 PM May 01 2023,95,56,0
08:24:09 PM May 01 2023,95,56,0
08:24:13 PM May 01 2023,94,56,0
08:24:17 PM May 01 2023,94,56,0
08:24:21 PM May 01 2023,94,56,0
08:24:25 PM May 01 2023,94,56,0
08:24:29 PM May 01 2023,94,56,0
08:24:33 PM May 01 2023,94,57,0
08:24:37 PM May 01 2023,94,57,0
08:24:41 PM May 01 2023,94,56,0
08:24:45 PM May 01 2023,94,56,0
08:24:49 PM May 01 2023,94,56,0
08:24:53 PM May 01 2023,94,56,0
08:24:57 PM May 01 2023,94,56,0
08:25:01 PM May 01 2023,94,56,0
08:25:05 PM May 01 2023,94,56,0
08:25:09 PM May 01 2023,94,55,0
08:25:13 PM May 01 2023,94,49,0
08:25:17 PM May 01 2023,94,50,0
08:25:21 PM May 01 2023,94,57,0
08:25:25 PM May 01 2023,94,57,0
08:25:29 PM May 01 2023,94,57,0
08:25:33 PM May 01 2023,94,56,0
08:25:37 PM May 01 2023,94,56,0
08:25:41 PM May 01 2023,94,56,0
08:25:45 PM May 01 2023,94,56,0
08:25:49 PM May 01 2023,94,58,0
08:25:53 PM May 01 2023,94,59,0
08:25:57 PM May 01 2023,94,56,0
08:26:01 PM May 01 2023,94,56,0
08:26:05 PM May 01 2023,94,55,0
08:26:09 PM May 01 2023,94,55,0
08:26:13 PM May 01 2023,94,56,0
08:26:17 PM May 01 2023,95,56,0
08:26:21 PM May 01 2023,95,56,0
08:26:25 PM May 01 2023,95,56,0
08:26:29 PM May 01 2023,95,58,0
08:26:33 PM May 01 2023,95,60,0
08:26:37 PM May 01 2023,95,60,0
08:26:41 PM May 01 2023,95,56,0
08:26:45 PM May 01 2023,94,56,0
08:26:49 PM May 01 2023,94,56,0
08:26:53 PM May 01 2023,94,56,0
08:26:57 PM May 01 2023,95,56,0
08:27:01 PM May 01 2023,95,56,0
08:27:05 PM May 01 2023,94,54,0
08:27:09 PM May 01 2023,94,55,0
08:27:13 PM May 01 2023,94,56,0
08:27:17 PM May 01 2023,94,55,0
08:27:21 PM May 01 2023,95,55,0
08:27:25 PM May 01 2023,95,55,0
08:27:29 PM May 01 2023,94,56,0
08:27:33 PM May 01 2023,94,56,0
08:27:37 PM May 01 2023,94,55,0
08:27:41 PM May 01 2023,94,55,0
08:27:45 PM May 01 2023,94,55,0
08:27:49 PM May 01 2023,94,55,0
08:27:53 PM May 01 2023,95,55,0
08:27:57 PM May 01 2023,95,55,0
08:28:01 PM May 01 2023,94,55,0
08:28:05 PM May 01 2023,94,56,0
08:28:09 PM May 01 2023,94,56,0
08:28:13 PM May 01 2023,94,56,0
08:28:17 PM May 01 2023,95,57,0
08:28:21 PM May 01 2023,94,58,0
08:28:25 PM May 01 2023,93,56,0
08:28:29 PM May 01 2023,94,55,0
08:28:33 PM May 01 2023,94,54,0
08:28:37 PM May 01 2023,94,55,0
08:28:41 PM May 01 2023,95,56,0
08:28:45 PM May 01 2023,95,55,0
08:28:49 PM May 01 2023,95,58,0
08:28:53 PM May 01 2023,95,58,0
08:28:57 PM May 01 2023,94,56,0
08:29:01 PM May 01 2023,94,56,0
08:29:05 PM May 01 2023,94,56,0
08:29:09 PM May 01 2023,94,57,0
08:29:13 PM May 01 2023,94,57,0
08:29:17 PM May 01 2023,93,56,0
08:29:21 PM May 01 2023,93,55,0
08:29:25 PM May 01 2023,93,56,0
08:29:29 PM May 01 2023,93,56,0
08:29:33 PM May 01 2023,94,55,0
08:29:37 PM May 01 2023,94,55,0
08:29:41 PM May 01 2023,94,55,0
08:29:45 PM May 01 2023,94,56,0
08:29:49 PM May 01 2023,93,57,0
08:29:53 PM May 01 2023,93,57,0
08:29:57 PM May 01 2023,93,55,0
08:30:01 PM May 01 2023,93,55,0
08:30:05 PM May 01 2023,93,54,0
08:30:09 PM May 01 2023,93,54,0
08:30:13 PM May 01 2023,93,55,0
08:30:17 PM May 01 2023,93,57,0
08:30:21 PM May 01 2023,92,60,0
08:30:25 PM May 01 2023,92,71,0
08:30:29 PM May 01 2023,92,73,0
08:30:33 PM May 01 2023,92,72,0
08:30:37 PM May 01 2023,93,63,0
08:30:41 PM May 01 2023,93,61,0
08:30:45 PM May 01 2023,93,61,0
08:30:49 PM May 01 2023,92,59,0
08:30:53 PM May 01 2023,92,60,0
08:30:57 PM May 01 2023,91,67,0
08:31:01 PM May 01 2023,91,69,0
08:31:05 PM May 01 2023,90,72,0
08:31:09 PM May 01 2023,90,78,0
08:31:13 PM May 01 2023,90,82,0
08:31:17 PM May 01 2023,89,85,0
08:31:21 PM May 01 2023,89,87,0
08:31:25 PM May 01 2023,89,81,0
08:31:29 PM May 01 2023,89,76,0
08:31:33 PM May 01 2023,89,74,0
08:31:37 PM May 01 2023,89,72,0
08:31:41 PM May 01 2023,90,68,0
08:31:45 PM May 01 2023,90,65,0
08:31:49 PM May 01 2023,90,71,0
08:31:53 PM May 01 2023,90,76,0
08:31:57 PM May 01 2023,90,78,0
08:32:01 PM May 01 2023,90,84,0
08:32:05 PM May 01 2023,90,92,0
08:32:09 PM May 01 2023,90,96,0
08:32:13 PM May 01 2023,90,78,0
08:32:17 PM May 01 2023,91,65,0
08:32:21 PM May 01 2023,91,63,0
08:32:25 PM May 01 2023,91,63,0
08:32:29 PM May 01 2023,91,59,0
08:32:33 PM May 01 2023,91,59,0
08:32:37 PM May 01 2023,91,71,0
08:32:41 PM May 01 2023,91,77,0
08:32:45 PM May 01 2023,91,82,0
08:32:49 PM May 01 2023,91,80,0
08:32:53 PM May 01 2023,91,68,0
08:32:57 PM May 01 2023,91,63,0
08:33:01 PM May 01 2023,92,59,0
08:33:05 PM May 01 2023,92,59,0
08:33:09 PM May 01 2023,92,60,0
08:33:13 PM May 01 2023,92,59,0
08:33:17 PM May 01 2023,92,60,0
08:33:21 PM May 01 2023,92,60,0
08:33:25 PM May 01 2023,92,60,0
08:33:29 PM May 01 2023,92,64,0
08:33:33 PM May 01 2023,91,67,0
08:33:37 PM May 01 2023,91,69,0
08:33:41 PM May 01 2023,91,67,0
08:33:45 PM May 01 2023,91,64,0
08:33:49 PM May 01 2023,91,59,0
08:33:53 PM May 01 2023,91,58,0
08:33:57 PM May 01 2023,91,59,0
08:34:01 PM May 01 2023,92,56,0
08:34:05 PM May 01 2023,92,57,0
08:34:09 PM May 01 2023,92,61,0
08:34:13 PM May 01 2023,92,62,0
08:34:17 PM May 01 2023,92,61,0
08:34:21 PM May 01 2023,91,61,0
08:34:25 PM May 01 2023,92,58,0
08:34:29 PM May 01 2023,92,56,0
08:34:33 PM May 01 2023,92,59,0
08:34:37 PM May 01 2023,92,62,0
08:34:41 PM May 01 2023,93,64,0
08:34:45 PM May 01 2023,93,58,0
08:34:49 PM May 01 2023,92,59,0
08:34:53 PM May 01 2023,92,58,0
08:34:57 PM May 01 2023,92,60,0
08:35:01 PM May 01 2023,92,60,0
08:35:05 PM May 01 2023,92,62,0
08:35:09 PM May 01 2023,92,62,0
08:35:13 PM May 01 2023,92,60,0
08:35:17 PM May 01 2023,92,60,0
08:35:21 PM May 01 2023,92,60,0
08:35:25 PM May 01 2023,92,61,0
08:35:29 PM May 01 2023,91,59,0
08:35:33 PM May 01 2023,91,57,0
08:35:37 PM May 01 2023,92,56,0
08:35:41 PM May 01 2023,92,55,0
08:35:45 PM May 01 2023,92,56,0
08:35:49 PM May 01 2023,92,56,0
08:35:53 PM May 01 2023,93,56,0
08:35:57 PM May 01 2023,93,56,0
08:36:01 PM May 01 2023,93,57,0
08:36:05 PM May 01 2023,92,58,0
08:36:09 PM May 01 2023,92,62,0
08:36:13 PM May 01 2023,92,62,0
08:36:17 PM May 01 2023,92,61,0
08:36:21 PM May 01 2023,92,56,0
08:36:25 PM May 01 2023,93,57,0
08:36:29 PM May 01 2023,93,57,0
08:36:33 PM May 01 2023,93,57,0
08:36:37 PM May 01 2023,93,57,1
08:36:41 PM May 01 2023,93,63,1
08:36:45 PM May 01 2023,93,66,0
08:36:49 PM May 01 2023,92,67,0
08:36:53 PM May 01 2023,92,58,0
08:36:57 PM May 01 2023,93,59,0
08:37:01 PM May 01 2023,93,60,0
08:37:05 PM May 01 2023,93,60,0
08:37:09 PM May 01 2023,93,59,0
08:37:13 PM May 01 2023,93,59,0
08:37:17 PM May 01 2023,93,60,0
08:37:21 PM May 01 2023,93,60,0
08:37:25 PM May 01 2023,93,57,0
08:37:29 PM May 01 2023,92,57,0
08:37:33 PM May 01 2023,92,61,0
08:37:37 PM May 01 2023,92,63,0
08:37:41 PM May 01 2023,92,63,0
08:37:45 PM May 01 2023,91,59,0
08:37:49 PM May 01 2023,92,60,0
08:37:53 PM May 01 2023,92,60,0
08:37:57 PM May 01 2023,92,58,0
08:38:01 PM May 01 2023,93,60,0
08:38:05 PM May 01 2023,92,62,0
08:38:09 PM May 01 2023,93,63,0
08:38:13 PM May 01 2023,93,63,0
08:38:17 PM May 01 2023,94,67,0
08:38:21 PM May 01 2023,94,65,9
08:38:25 PM May 01 2023,93,66,13
08:38:29 PM May 01 2023,93,66,16
08:38:33 PM May 01 2023,93,66,24
08:38:37 PM May 01 2023,92,64,0
08:38:41 PM May 01 2023,91,65,0
08:38:45 PM May 01 2023,92,63,0
08:38:49 PM May 01 2023,92,63,0
08:38:53 PM May 01 2023,93,60,0
08:38:57 PM May 01 2023,94,57,0
08:39:01 PM May 01 2023,95,57,0
08:39:05 PM May 01 2023,95,57,8
08:39:09 PM May 01 2023,96,56,18
08:39:13 PM May 01 2023,96,58,0
08:39:17 PM May 01 2023,96,59,0
08:39:21 PM May 01 2023,96,59,0
08:39:25 PM May 01 2023,96,58,0
08:39:29 PM May 01 2023,97,58,0
08:39:33 PM May 01 2023,97,58,0
08:39:37 PM May 01 2023,96,57,5
08:39:41 PM May 01 2023,96,57,5
08:39:45 PM May 01 2023,96,59,0
08:39:49 PM May 01 2023,96,60,0
08:39:53 PM May 01 2023,96,60,1
08:39:57 PM May 01 2023,96,60,0
08:40:01 PM May 01 2023,96,60,34
08:40:05 PM May 01 2023,96,60,4
08:40:09 PM May 01 2023,95,62,0
08:40:13 PM May 01 2023,95,61,0
08:40:17 PM May 01 2023,95,59,0
08:40:21 PM May 01 2023,95,57,0
08:40:25 PM May 01 2023,95,56,0
08:40:29 PM May 01 2023,95,55,0
08:40:33 PM May 01 2023,96,54,0
08:40:37 PM May 01 2023,96,55,0
08:40:41 PM May 01 2023,96,58,0
08:40:45 PM May 01 2023,96,61,0
08:40:49 PM May 01 2023,96,62,0
08:40:53 PM May 01 2023,95,61,0
08:40:57 PM May 01 2023,95,59,0
08:41:01 PM May 01 2023,95,58,0
08:41:05 PM May 01 2023,95,56,0
08:41:09 PM May 01 2023,94,54,0
08:41:13 PM May 01 2023,94,54,0
08:41:17 PM May 01 2023,95,53,0
08:41:21 PM May 01 2023,95,52,0
08:41:25 PM May 01 2023,95,52,0
08:41:29 PM May 01 2023,95,52,0
08:41:33 PM May 01 2023,95,52,0
08:41:37 PM May 01 2023,95,52,0
08:41:41 PM May 01 2023,95,53,0
08:41:45 PM May 01 2023,94,56,0
08:41:49 PM May 01 2023,94,59,0
08:41:53 PM May 01 2023,94,60,0
08:41:57 PM May 01 2023,93,59,0
08:42:01 PM May 01 2023,93,58,0
08:42:05 PM May 01 2023,92,56,0
08:42:09 PM May 01 2023,92,57,0
08:42:13 PM May 01 2023,91,59,0
08:42:17 PM May 01 2023,91,61,0
08:42:21 PM May 01 2023,91,63,0
08:42:25 PM May 01 2023,91,63,0
08:42:29 PM May 01 2023,91,64,0
08:42:33 PM May 01 2023,91,63,0
08:42:37 PM May 01 2023,92,62,0
08:42:41 PM May 01 2023,92,61,0
08:42:45 PM May 01 2023,92,59,0
08:42:49 PM May 01 2023,92,58,0
08:42:53 PM May 01 2023,91,59,0
08:42:57 PM May 01 2023,90,58,0
08:43:01 PM May 01 2023,90,55,0
08:43:05 PM May 01 2023,90,54,0
08:43:09 PM May 01 2023,90,52,0
08:43:13 PM May 01 2023,92,52,0
08:43:17 PM May 01 2023,93,53,0
08:43:21 PM May 01 2023,94,53,0
08:43:25 PM May 01 2023,94,53,0
08:43:29 PM May 01 2023,94,54,0
08:43:33 PM May 01 2023,94,58,0
08:43:37 PM May 01 2023,93,59,0
08:43:41 PM May 01 2023,93,57,0
08:43:45 PM May 01 2023,93,59,0
08:43:49 PM May 01 2023,93,62,0
08:43:53 PM May 01 2023,93,63,0
08:43:57 PM May 01 2023,92,63,0
08:44:01 PM May 01 2023,92,60,0
08:44:05 PM May 01 2023,91,59,0
08:44:09 PM May 01 2023,91,59,0
08:44:13 PM May 01 2023,91,59,0
08:44:17 PM May 01 2023,91,59,16
08:44:21 PM May 01 2023,91,59,4
08:44:25 PM May 01 2023,91,60,0
08:44:29 PM May 01 2023,91,60,0
08:44:33 PM May 01 2023,91,57,0
08:44:37 PM May 01 2023,92,55,0
08:44:41 PM May 01 2023,93,54,0
08:44:45 PM May 01 2023,94,53,0
08:44:49 PM May 01 2023,95,54,0
08:44:53 PM May 01 2023,95,54,0
08:44:57 PM May 01 2023,96,53,0
08:45:01 PM May 01 2023,96,52,0
08:45:05 PM May 01 2023,96,52,0
08:45:09 PM May 01 2023,95,55,0
08:45:13 PM May 01 2023,94,57,0
08:45:17 PM May 01 2023,94,71,0
08:45:21 PM May 01 2023,93,87,0
08:45:25 PM May 01 2023,93,86,0
08:45:29 PM May 01 2023,93,58,0
08:45:33 PM May 01 2023,93,52,0
08:45:37 PM May 01 2023,92,53,0
08:45:41 PM May 01 2023,91,54,0
08:45:45 PM May 01 2023,91,55,0
08:45:49 PM May 01 2023,91,55,0
08:45:53 PM May 01 2023,91,55,1
08:45:57 PM May 01 2023,91,56,0
08:46:01 PM May 01 2023,91,56,0
08:46:05 PM May 01 2023,91,56,0
08:46:09 PM May 01 2023,90,56,0
08:46:13 PM May 01 2023,90,56,0
08:46:17 PM May 01 2023,90,57,0
08:46:21 PM May 01 2023,91,58,0
08:46:25 PM May 01 2023,91,58,0
08:46:29 PM May 01 2023,90,57,0
08:46:33 PM May 01 2023,90,56,0
08:46:37 PM May 01 2023,90,56,0
08:46:41 PM May 01 2023,90,56,0
08:46:45 PM May 01 2023,90,56,0
08:46:49 PM May 01 2023,90,56,0
08:46:53 PM May 01 2023,90,55,0
08:46:57 PM May 01 2023,90,55,0
08:47:01 PM May 01 2023,90,56,0
08:47:05 PM May 01 2023,91,56,0
08:47:09 PM May 01 2023,91,56,0
08:47:13 PM May 01 2023,91,56,0
08:47:17 PM May 01 2023,91,56,0
08:47:21 PM May 01 2023,91,56,0
08:47:25 PM May 01 2023,91,56,0
08:47:29 PM May 01 2023,91,56,0
08:47:33 PM May 01 2023,91,56,0
08:47:37 PM May 01 2023,91,57,0
08:47:41 PM May 01 2023,90,58,0
08:47:45 PM May 01 2023,90,60,0
08:47:49 PM May 01 2023,91,60,0
08:47:53 PM May 01 2023,91,58,0
08:47:57 PM May 01 2023,91,58,0
08:48:01 PM May 01 2023,91,58,0
08:48:05 PM May 01 2023,91,58,0
08:48:09 PM May 01 2023,91,57,0
08:48:13 PM May 01 2023,91,56,0
08:48:17 PM May 01 2023,90,56,0
08:48:21 PM May 01 2023,90,56,0
08:48:25 PM May 01 2023,91,56,0
08:48:29 PM May 01 2023,91,56,0
08:48:33 PM May 01 2023,91,56,0
08:48:37 PM May 01 2023,91,57,0
08:48:41 PM May 01 2023,91,57,0
08:48:45 PM May 01 2023,91,57,0
08:48:49 PM May 01 2023,91,59,0
08:48:53 PM May 01 2023,91,58,0
08:48:57 PM May 01 2023,91,58,0
08:49:01 PM May 01 2023,91,56,0
08:49:05 PM May 01 2023,91,59,0
08:49:09 PM May 01 2023,91,59,0
08:49:13 PM May 01 2023,91,60,0
08:49:17 PM May 01 2023,91,57,0
08:49:21 PM May 01 2023,91,57,0
08:49:25 PM May 01 2023,91,57,0
08:49:29 PM May 01 2023,91,56,0
08:49:33 PM May 01 2023,91,56,0
08:49:37 PM May 01 2023,91,56,0
08:49:41 PM May 01 2023,91,57,0
08:49:45 PM May 01 2023,92,57,0
08:49:49 PM May 01 2023,92,58,0
08:49:53 PM May 01 2023,91,59,0
08:49:57 PM May 01 2023,91,58,0
08:50:01 PM May 01 2023,91,57,0
08:50:05 PM May 01 2023,91,57,0
08:50:09 PM May 01 2023,91,57,0
08:50:13 PM May 01 2023,90,57,0
08:50:17 PM May 01 2023,90,57,3
08:50:21 PM May 01 2023,90,59,0
08:50:25 PM May 01 2023,90,59,0
08:50:29 PM May 01 2023,90,62,0
08:50:33 PM May 01 2023,90,65,0
08:50:37 PM May 01 2023,90,63,0
08:50:41 PM May 01 2023,90,60,0
08:50:45 PM May 01 2023,90,56,0
08:50:49 PM May 01 2023,91,56,0
08:50:53 PM May 01 2023,91,59,0
08:50:57 PM May 01 2023,91,59,0
08:51:01 PM May 01 2023,91,59,0
08:51:05 PM May 01 2023,91,58,0
08:51:09 PM May 01 2023,91,64,0
08:51:13 PM May 01 2023,90,68,0
08:51:17 PM May 01 2023,91,63,0
08:51:21 PM May 01 2023,91,56,0
08:51:25 PM May 01 2023,91,56,0
08:51:29 PM May 01 2023,91,57,0
08:51:33 PM May 01 2023,91,56,0
08:51:37 PM May 01 2023,91,56,0
08:51:41 PM May 01 2023,92,57,0
08:51:45 PM May 01 2023,92,58,0
08:51:49 PM May 01 2023,92,58,0
08:51:53 PM May 01 2023,92,58,0
08:51:57 PM May 01 2023,92,58,0
08:52:01 PM May 01 2023,91,58,0
08:52:05 PM May 01 2023,91,58,0
08:52:09 PM May 01 2023,91,59,0
08:52:13 PM May 01 2023,91,58,0
08:52:17 PM May 01 2023,91,57,0
08:52:21 PM May 01 2023,91,57,0
08:52:25 PM May 01 2023,91,58,0
08:52:29 PM May 01 2023,91,59,0
08:52:33 PM May 01 2023,91,58,0
08:52:37 PM May 01 2023,91,57,0
08:52:41 PM May 01 2023,91,58,0
08:52:45 PM May 01 2023,91,58,0
08:52:49 PM May 01 2023,91,58,0
08:52:53 PM May 01 2023,92,57,0
08:52:57 PM May 01 2023,92,57,0
08:53:01 PM May 01 2023,92,58,0
08:53:05 PM May 01 2023,92,63,1
08:53:09 PM May 01 2023,92,63,0
08:53:13 PM May 01 2023,92,57,0
08:53:17 PM May 01 2023,92,58,0
08:53:21 PM May 01 2023,92,58,0
08:53:25 PM May 01 2023,92,57,0
08:53:29 PM May 01 2023,91,56,0
08:53:33 PM May 01 2023,91,57,0
08:53:37 PM May 01 2023,92,57,0
08:53:41 PM May 01 2023,92,56,0
08:53:45 PM May 01 2023,92,57,0
08:53:49 PM May 01 2023,92,58,0
08:53:53 PM May 01 2023,92,58,0
08:53:57 PM May 01 2023,93,58,0
08:54:01 PM May 01 2023,93,59,0
08:54:05 PM May 01 2023,93,59,0
08:54:09 PM May 01 2023,92,58,0
08:54:13 PM May 01 2023,92,58,0
08:54:17 PM May 01 2023,92,58,0
08:54:21 PM May 01 2023,91,56,0
08:54:25 PM May 01 2023,92,55,0
08:54:29 PM May 01 2023,92,56,0
08:54:33 PM May 01 2023,92,56,0
08:54:37 PM May 01 2023,93,56,0
08:54:41 PM May 01 2023,93,58,0
08:54:45 PM May 01 2023,92,59,0
08:54:49 PM May 01 2023,92,57,0
08:54:53 PM May 01 2023,92,58,0
08:54:57 PM May 01 2023,91,57,0
08:55:01 PM May 01 2023,91,56,0
08:55:05 PM May 01 2023,91,57,0
08:55:09 PM May 01 2023,91,57,0
08:55:13 PM May 01 2023,91,57,0
08:55:17 PM May 01 2023,91,57,0
08:55:21 PM May 01 2023,91,57,0
08:55:25 PM May 01 2023,91,58,0
08:55:29 PM May 01 2023,91,62,0
08:55:33 PM May 01 2023,91,61,0
08:55:37 PM May 01 2023,91,57,0
08:55:41 PM May 01 2023,91,57,0
08:55:45 PM May 01 2023,91,56,0
08:55:49 PM May 01 2023,91,56,0
08:55:53 PM May 01 2023,92,56,0
08:55:57 PM May 01 2023,92,55,0
08:56:01 PM May 01 2023,92,55,0
08:56:05 PM May 01 2023,93,56,0
08:56:09 PM May 01 2023,93,57,0
08:56:13 PM May 01 2023,93,57,0
08:56:17 PM May 01 2023,93,57,0
08:56:21 PM May 01 2023,93,56,0
08:56:25 PM May 01 2023,92,55,0
08:56:29 PM May 01 2023,92,56,0
08:56:33 PM May 01 2023,92,56,0
08:56:37 PM May 01 2023,92,56,0
08:56:41 PM May 01 2023,92,56,0
08:56:45 PM May 01 2023,92,56,0
08:56:49 PM May 01 2023,92,56,0
08:56:53 PM May 01 2023,92,55,0
08:56:57 PM May 01 2023,92,55,0
08:57:01 PM May 01 2023,92,56,0
08:57:05 PM May 01 2023,92,58,0
08:57:09 PM May 01 2023,92,58,0
08:57:13 PM May 01 2023,92,59,0
08:57:17 PM May 01 2023,92,58,0
08:57:21 PM May 01 2023,92,57,0
08:57:25 PM May 01 2023,92,57,0
08:57:29 PM May 01 2023,92,57,0
08:57:33 PM May 01 2023,92,58,0
08:57:37 PM May 01 2023,92,58,0
08:57:41 PM May 01 2023,93,57,0
08:57:45 PM May 01 2023,92,57,0
08:57:49 PM May 01 2023,91,58,0
08:57:53 PM May 01 2023,92,57,0
08:57:57 PM May 01 2023,92,56,0
08:58:01 PM May 01 2023,92,55,0
08:58:05 PM May 01 2023,92,55,0
08:58:09 PM May 01 2023,93,55,0
08:58:13 PM May 01 2023,93,55,0
08:58:17 PM May 01 2023,93,56,0
08:58:21 PM May 01 2023,93,57,0
08:58:25 PM May 01 2023,93,57,0
08:58:29 PM May 01 2023,93,56,0
08:58:33 PM May 01 2023,93,57,0
08:58:37 PM May 01 2023,93,57,0
08:58:41 PM May 01 2023,93,57,0
08:58:45 PM May 01 2023,92,56,0
08:58:49 PM May 01 2023,92,57,0
08:58:53 PM May 01 2023,92,57,0
08:58:57 PM May 01 2023,92,56,0
08:59:01 PM May 01 2023,92,57,0
08:59:05 PM May 01 2023,92,57,0
08:59:09 PM May 01 2023,92,57,0
08:59:13 PM May 01 2023,92,56,0
08:59:17 PM May 01 2023,92,56,0
08:59:21 PM May 01 2023,92,57,0
08:59:25 PM May 01 2023,93,56,0
08:59:29 PM May 01 2023,93,55,0
08:59:33 PM May 01 2023,92,55,0
08:59:37 PM May 01 2023,92,55,0
08:59:41 PM May 01 2023,92,56,0
08:59:45 PM May 01 2023,91,59,0
08:59:49 PM May 01 2023,91,59,0
08:59:53 PM May 01 2023,91,59,0
08:59:57 PM May 01 2023,91,61,0
09:00:01 PM May 01 2023,91,59,0
09:00:05 PM May 01 2023,92,56,0
09:00:09 PM May 01 2023,92,55,0
09:00:13 PM May 01 2023,92,56,0
09:00:17 PM May 01 2023,92,55,0
09:00:21 PM May 01 2023,92,55,0
09:00:25 PM May 01 2023,92,55,0
09:00:29 PM May 01 2023,92,55,0
09:00:33 PM May 01 2023,92,55,0
09:00:37 PM May 01 2023,92,56,0
09:00:41 PM May 01 2023,91,57,0
09:00:45 PM May 01 2023,91,57,0
09:00:49 PM May 01 2023,91,57,0
09:00:53 PM May 01 2023,91,56,0
09:00:57 PM May 01 2023,91,56,0
09:01:01 PM May 01 2023,91,55,0
09:01:05 PM May 01 2023,91,58,0
09:01:09 PM May 01 2023,91,63,0
09:01:13 PM May 01 2023,91,67,0
09:01:17 PM May 01 2023,91,66,0
09:01:21 PM May 01 2023,91,58,0
09:01:25 PM May 01 2023,91,56,0
09:01:29 PM May 01 2023,92,56,0
09:01:33 PM May 01 2023,92,55,0
09:01:37 PM May 01 2023,92,55,0
09:01:41 PM May 01 2023,92,55,0
09:01:45 PM May 01 2023,92,56,0
09:01:49 PM May 01 2023,91,57,0
09:01:53 PM May 01 2023,91,58,0
09:01:57 PM May 01 2023,91,58,0
09:02:01 PM May 01 2023,91,58,0
09:02:05 PM May 01 2023,91,57,0
09:02:09 PM May 01 2023,91,56,0
09:02:13 PM May 01 2023,91,56,0
09:02:17 PM May 01 2023,91,57,0
09:02:21 PM May 01 2023,92,57,0
09:02:25 PM May 01 2023,92,57,0
09:02:29 PM May 01 2023,92,57,0
09:02:33 PM May 01 2023,92,57,0
09:02:37 PM May 01 2023,92,56,0
09:02:41 PM May 01 2023,92,58,0
09:02:45 PM May 01 2023,92,58,4
09:02:49 PM May 01 2023,93,59,0
09:02:53 PM May 01 2023,92,60,0
09:02:57 PM May 01 2023,92,60,0
09:03:01 PM May 01 2023,92,58,0
09:03:05 PM May 01 2023,93,57,0
09:03:09 PM May 01 2023,93,57,0
09:03:13 PM May 01 2023,93,57,0
09:03:17 PM May 01 2023,93,57,0
09:03:21 PM May 01 2023,93,58,0
09:03:25 PM May 01 2023,93,58,0
09:03:29 PM May 01 2023,93,59,0
09:03:33 PM May 01 2023,93,58,0
09:03:37 PM May 01 2023,92,58,0
09:03:41 PM May 01 2023,92,59,0
09:03:45 PM May 01 2023,91,59,0
09:03:49 PM May 01 2023,91,58,0
09:03:53 PM May 01 2023,91,58,0
09:03:57 PM May 01 2023,91,58,0
09:04:01 PM May 01 2023,91,58,0
09:04:05 PM May 01 2023,90,59,0
09:04:09 PM May 01 2023,90,58,0
09:04:13 PM May 01 2023,90,58,0
09:04:17 PM May 01 2023,90,59,0
09:04:21 PM May 01 2023,90,58,0
09:04:25 PM May 01 2023,90,57,1
09:04:29 PM May 01 2023,90,57,0
09:04:33 PM May 01 2023,90,56,0
09:04:37 PM May 01 2023,90,56,0
09:04:41 PM May 01 2023,91,57,0
09:04:45 PM May 01 2023,91,58,0
09:04:49 PM May 01 2023,91,56,0
09:04:53 PM May 01 2023,91,55,0
09:04:57 PM May 01 2023,91,56,0
09:05:01 PM May 01 2023,92,56,0
09:05:05 PM May 01 2023,92,57,0
09:05:09 PM May 01 2023,92,58,0
09:05:13 PM May 01 2023,92,59,0
09:05:17 PM May 01 2023,92,59,0
09:05:21 PM May 01 2023,92,57,0
09:05:25 PM May 01 2023,92,56,0
09:05:29 PM May 01 2023,92,56,0
09:05:33 PM May 01 2023,92,56,0
09:05:37 PM May 01 2023,92,56,0
09:05:41 PM May 01 2023,91,56,0
09:05:45 PM May 01 2023,92,56,0
09:05:49 PM May 01 2023,92,55,0
09:05:53 PM May 01 2023,92,55,0
09:05:57 PM May 01 2023,92,55,0
09:06:01 PM May 01 2023,93,56,0
09:06:05 PM May 01 2023,92,55,0
09:06:09 PM May 01 2023,93,55,0
09:06:13 PM May 01 2023,93,55,0
09:06:17 PM May 01 2023,93,56,0
09:06:21 PM May 01 2023,93,56,0
09:06:25 PM May 01 2023,93,56,0
09:06:29 PM May 01 2023,93,56,0
09:06:33 PM May 01 2023,93,56,0
09:06:37 PM May 01 2023,92,56,0
09:06:41 PM May 01 2023,92,56,0
09:06:45 PM May 01 2023,92,58,0
09:06:49 PM May 01 2023,92,59,0
09:06:53 PM May 01 2023,92,56,0
09:06:57 PM May 01 2023,92,56,0
09:07:01 PM May 01 2023,92,56,0
09:07:05 PM May 01 2023,92,57,0
09:07:09 PM May 01 2023,92,57,1
09:07:13 PM May 01 2023,92,56,0
09:07:17 PM May 01 2023,92,56,0
09:07:21 PM May 01 2023,93,56,0
09:07:25 PM May 01 2023,93,57,0
09:07:29 PM May 01 2023,93,57,0
09:07:33 PM May 01 2023,93,57,0
09:07:37 PM May 01 2023,93,57,0
09:07:41 PM May 01 2023,92,58,0
09:07:45 PM May 01 2023,92,58,0
09:07:49 PM May 01 2023,91,57,0
09:07:53 PM May 01 2023,92,56,0
09:07:57 PM May 01 2023,92,56,0
09:08:01 PM May 01 2023,92,56,0
09:08:05 PM May 01 2023,91,55,0
09:08:09 PM May 01 2023,91,56,0
09:08:13 PM May 01 2023,92,58,0
09:08:17 PM May 01 2023,92,58,0
09:08:21 PM May 01 2023,92,58,0
09:08:25 PM May 01 2023,92,58,0
09:08:29 PM May 01 2023,92,58,0
09:08:33 PM May 01 2023,92,56,0
09:08:37 PM May 01 2023,92,55,0
09:08:41 PM May 01 2023,92,55,0
09:08:45 PM May 01 2023,92,56,0
09:08:49 PM May 01 2023,92,56,0
09:08:53 PM May 01 2023,92,55,0
09:08:57 PM May 01 2023,92,54,0
09:09:01 PM May 01 2023,92,54,0
09:09:05 PM May 01 2023,93,50,0
09:09:09 PM May 01 2023,93,49,0
09:09:13 PM May 01 2023,93,54,0
09:09:17 PM May 01 2023,93,55,0
09:09:21 PM May 01 2023,93,56,0
09:09:25 PM May 01 2023,93,56,0
09:09:29 PM May 01 2023,93,56,0
09:09:33 PM May 01 2023,92,58,0
09:09:37 PM May 01 2023,92,58,0
09:09:41 PM May 01 2023,92,55,0
09:09:45 PM May 01 2023,92,55,0
09:09:49 PM May 01 2023,92,53,0
09:09:53 PM May 01 2023,91,54,0
09:09:57 PM May 01 2023,92,57,0
09:10:01 PM May 01 2023,92,56,0
09:10:05 PM May 01 2023,92,58,0
09:10:09 PM May 01 2023,91,60,0
09:10:13 PM May 01 2023,92,58,0
09:10:17 PM May 01 2023,91,58,0
09:10:21 PM May 01 2023,91,58,0
09:10:25 PM May 01 2023,91,58,0
09:10:29 PM May 01 2023,91,57,0
09:10:33 PM May 01 2023,91,56,0
09:10:37 PM May 01 2023,91,56,0
09:10:41 PM May 01 2023,91,57,0
09:10:45 PM May 01 2023,91,58,0
09:10:49 PM May 01 2023,91,57,0
09:10:53 PM May 01 2023,90,56,0
09:10:57 PM May 01 2023,91,55,0
09:11:01 PM May 01 2023,91,55,0
09:11:05 PM May 01 2023,91,55,0
09:11:09 PM May 01 2023,91,56,0
09:11:13 PM May 01 2023,92,56,0
09:11:17 PM May 01 2023,92,56,0
09:11:21 PM May 01 2023,92,56,0
09:11:25 PM May 01 2023,93,55,0
09:11:29 PM May 01 2023,93,56,0
09:11:33 PM May 01 2023,93,56,0
09:11:37 PM May 01 2023,92,56,0
09:11:41 PM May 01 2023,92,56,0
09:11:45 PM May 01 2023,91,56,0
09:11:49 PM May 01 2023,91,57,0
09:11:53 PM May 01 2023,91,57,0
09:11:57 PM May 01 2023,91,57,0
09:12:01 PM May 01 2023,92,57,0
09:12:05 PM May 01 2023,92,58,0
09:12:09 PM May 01 2023,92,58,0
09:12:13 PM May 01 2023,92,59,0
09:12:17 PM May 01 2023,92,59,0
09:12:21 PM May 01 2023,91,60,0
09:12:25 PM May 01 2023,91,59,0
09:12:29 PM May 01 2023,91,59,0
09:12:33 PM May 01 2023,93,58,8
09:12:37 PM May 01 2023,93,58,25
09:12:41 PM May 01 2023,93,58,30
09:12:45 PM May 01 2023,93,58,27
09:12:49 PM May 01 2023,95,58,3
09:12:53 PM May 01 2023,95,58,62
09:12:57 PM May 01 2023,96,61,31
09:13:01 PM May 01 2023,96,61,20
09:13:05 PM May 01 2023,96,61,18
09:13:09 PM May 01 2023,96,61,25
09:13:13 PM May 01 2023,96,61,39
09:13:17 PM May 01 2023,96,62,4
09:13:21 PM May 01 2023,96,64,0
09:13:25 PM May 01 2023,95,62,0
09:13:29 PM May 01 2023,95,62,0
09:13:33 PM May 01 2023,95,61,0
09:13:37 PM May 01 2023,95,61,0
09:13:41 PM May 01 2023,96,60,0
09:13:45 PM May 01 2023,96,59,0
09:13:49 PM May 01 2023,96,59,0
09:13:53 PM May 01 2023,96,59,0
09:13:57 PM May 01 2023,96,59,0
09:14:01 PM May 01 2023,96,58,0
09:14:05 PM May 01 2023,95,58,0
09:14:09 PM May 01 2023,95,60,0
09:14:13 PM May 01 2023,95,61,0
09:14:17 PM May 01 2023,95,63,0
09:14:21 PM May 01 2023,94,64,0
09:14:25 PM May 01 2023,94,64,25
09:14:29 PM May 01 2023,94,64,13
09:14:33 PM May 01 2023,95,63,0
09:14:37 PM May 01 2023,95,62,0
09:14:41 PM May 01 2023,95,61,0
09:14:45 PM May 01 2023,96,58,0
09:14:49 PM May 01 2023,96,57,0
09:14:53 PM May 01 2023,96,56,0
09:14:57 PM May 01 2023,97,56,0
09:15:01 PM May 01 2023,97,56,0
09:15:05 PM May 01 2023,97,56,0
09:15:09 PM May 01 2023,96,57,0
09:15:13 PM May 01 2023,94,58,0
09:15:17 PM May 01 2023,94,59,0
09:15:21 PM May 01 2023,94,60,0
09:15:25 PM May 01 2023,94,60,0
09:15:29 PM May 01 2023,93,60,0
09:15:33 PM May 01 2023,94,60,0
09:15:37 PM May 01 2023,94,60,0
09:15:41 PM May 01 2023,94,59,0
09:15:45 PM May 01 2023,94,58,0
09:15:49 PM May 01 2023,94,58,0
09:15:53 PM May 01 2023,95,58,0
09:15:57 PM May 01 2023,95,58,2
09:16:01 PM May 01 2023,95,58,0
09:16:05 PM May 01 2023,94,59,0
09:16:09 PM May 01 2023,94,59,0
09:16:13 PM May 01 2023,94,59,0
09:16:17 PM May 01 2023,94,58,0
09:16:21 PM May 01 2023,94,59,0
09:16:25 PM May 01 2023,94,58,0
09:16:29 PM May 01 2023,94,58,0
09:16:33 PM May 01 2023,94,58,0
09:16:37 PM May 01 2023,94,57,0
09:16:41 PM May 01 2023,94,56,0
09:16:45 PM May 01 2023,95,56,0
09:16:49 PM May 01 2023,95,56,0
09:16:53 PM May 01 2023,95,57,0
09:16:57 PM May 01 2023,94,58,0
09:17:01 PM May 01 2023,94,60,0
09:17:05 PM May 01 2023,93,60,0
09:17:09 PM May 01 2023,93,60,0
09:17:13 PM May 01 2023,93,59,0
09:17:17 PM May 01 2023,93,58,0
09:17:21 PM May 01 2023,93,58,0
09:17:25 PM May 01 2023,93,58,0
09:17:29 PM May 01 2023,93,57,0
09:17:33 PM May 01 2023,93,56,0
09:17:37 PM May 01 2023,93,56,0
09:17:41 PM May 01 2023,94,55,0
09:17:45 PM May 01 2023,94,54,0
09:17:49 PM May 01 2023,94,54,0
09:17:53 PM May 01 2023,94,55,0
09:17:57 PM May 01 2023,94,56,0
09:18:01 PM May 01 2023,93,56,0
09:18:05 PM May 01 2023,93,57,0
09:18:09 PM May 01 2023,93,58,0
09:18:13 PM May 01 2023,93,59,0
09:18:17 PM May 01 2023,93,58,0
09:18:21 PM May 01 2023,93,57,2
09:18:25 PM May 01 2023,93,57,9
09:18:29 PM May 01 2023,93,57,10
09:18:33 PM May 01 2023,93,57,1
09:18:37 PM May 01 2023,94,60,4
09:18:41 PM May 01 2023,94,65,1
09:18:45 PM May 01 2023,94,67,6
09:18:49 PM May 01 2023,94,67,17
09:18:53 PM May 01 2023,94,68,19
09:18:57 PM May 01 2023,94,68,13
09:19:01 PM May 01 2023,94,69,8
09:19:05 PM May 01 2023,94,75,37
09:19:09 PM May 01 2023,94,75,5
09:19:13 PM May 01 2023,94,75,15
09:19:17 PM May 01 2023,94,75,13
09:19:21 PM May 01 2023,94,75,10
09:19:25 PM May 01 2023,94,77,2
09:19:29 PM May 01 2023,95,77,14
09:19:33 PM May 01 2023,96,75,37
09:19:37 PM May 01 2023,96,73,0
09:19:41 PM May 01 2023,97,63,0
09:19:45 PM May 01 2023,96,60,0
09:19:49 PM May 01 2023,96,60,16
09:19:53 PM May 01 2023,96,60,23
09:19:57 PM May 01 2023,96,60,21
09:20:01 PM May 01 2023,96,60,1
09:20:05 PM May 01 2023,95,60,1
09:20:09 PM May 01 2023,95,59,1
09:20:13 PM May 01 2023,95,57,2
09:20:17 PM May 01 2023,96,57,1
09:20:21 PM May 01 2023,96,56,2
09:20:25 PM May 01 2023,96,56,1
09:20:29 PM May 01 2023,96,56,5
09:20:33 PM May 01 2023,95,57,0
09:20:37 PM May 01 2023,95,58,0
09:20:41 PM May 01 2023,94,59,0
09:20:45 PM May 01 2023,94,60,0
09:20:49 PM May 01 2023,94,60,0
09:20:53 PM May 01 2023,94,60,0
09:20:57 PM May 01 2023,95,60,0
09:21:01 PM May 01 2023,95,59,0
09:21:05 PM May 01 2023,95,59,0
09:21:09 PM May 01 2023,95,59,0
09:21:13 PM May 01 2023,95,59,0
09:21:17 PM May 01 2023,95,60,9
09:21:21 PM May 01 2023,95,59,17
09:21:25 PM May 01 2023,95,58,0
09:21:29 PM May 01 2023,95,59,0
09:21:33 PM May 01 2023,95,59,0
09:21:37 PM May 01 2023,94,58,0
09:21:41 PM May 01 2023,94,57,22
09:21:45 PM May 01 2023,94,57,18
09:21:49 PM May 01 2023,94,57,2
09:21:53 PM May 01 2023,94,58,3
09:21:57 PM May 01 2023,93,57,2
09:22:01 PM May 01 2023,94,56,0
09:22:05 PM May 01 2023,95,57,0
09:22:09 PM May 01 2023,95,55,0
09:22:13 PM May 01 2023,95,55,0
09:22:17 PM May 01 2023,95,55,0
09:22:21 PM May 01 2023,95,55,0
09:22:25 PM May 01 2023,94,56,0
09:22:29 PM May 01 2023,94,58,0
09:22:33 PM May 01 2023,93,59,0
09:22:37 PM May 01 2023,93,59,0
09:22:41 PM May 01 2023,93,60,0
09:22:45 PM May 01 2023,93,60,0
09:22:49 PM May 01 2023,93,59,0
09:22:53 PM May 01 2023,94,59,0
09:22:57 PM May 01 2023,94,58,0
09:23:01 PM May 01 2023,94,56,0
09:23:05 PM May 01 2023,94,56,0
09:23:09 PM May 01 2023,94,55,0
09:23:13 PM May 01 2023,94,55,0
09:23:17 PM May 01 2023,94,55,0
09:23:21 PM May 01 2023,94,56,0
09:23:25 PM May 01 2023,94,55,0
09:23:29 PM May 01 2023,94,56,2
09:23:33 PM May 01 2023,93,57,0
09:23:37 PM May 01 2023,94,57,0
09:23:41 PM May 01 2023,94,56,0
09:23:45 PM May 01 2023,94,57,0
09:23:49 PM May 01 2023,94,57,0
09:23:53 PM May 01 2023,94,57,0
09:23:57 PM May 01 2023,94,56,0
09:24:01 PM May 01 2023,94,56,0
09:24:05 PM May 01 2023,94,56,0
09:24:09 PM May 01 2023,94,56,0
09:24:13 PM May 01 2023,94,57,0
09:24:17 PM May 01 2023,93,57,0
09:24:21 PM May 01 2023,93,56,0
09:24:25 PM May 01 2023,94,55,0
09:24:29 PM May 01 2023,94,55,0
09:24:33 PM May 01 2023,94,55,0
09:24:37 PM May 01 2023,94,55,0
09:24:41 PM May 01 2023,94,55,0
09:24:45 PM May 01 2023,93,56,0
09:24:49 PM May 01 2023,93,57,0
09:24:53 PM May 01 2023,93,57,0
09:24:57 PM May 01 2023,93,57,0
09:25:01 PM May 01 2023,93,58,0
09:25:05 PM May 01 2023,93,59,0
09:25:09 PM May 01 2023,93,59,0
09:25:13 PM May 01 2023,93,58,0
09:25:17 PM May 01 2023,93,57,0
09:25:21 PM May 01 2023,93,56,0
09:25:25 PM May 01 2023,93,55,0
09:25:29 PM May 01 2023,93,55,0
09:25:33 PM May 01 2023,94,55,0
09:25:37 PM May 01 2023,94,55,0
09:25:41 PM May 01 2023,93,54,0
09:25:45 PM May 01 2023,93,55,4
09:25:49 PM May 01 2023,94,50,5
09:25:53 PM May 01 2023,94,50,7
09:25:57 PM May 01 2023,93,52,0
09:26:01 PM May 01 2023,92,54,0
09:26:05 PM May 01 2023,92,60,0
09:26:09 PM May 01 2023,92,57,0
09:26:13 PM May 01 2023,92,56,0
09:26:17 PM May 01 2023,93,55,0
09:26:21 PM May 01 2023,94,54,0
09:26:25 PM May 01 2023,95,54,0
09:26:29 PM May 01 2023,96,54,0
09:26:33 PM May 01 2023,96,54,0
09:26:37 PM May 01 2023,96,55,0
09:26:41 PM May 01 2023,95,58,0
09:26:45 PM May 01 2023,94,59,0
09:26:49 PM May 01 2023,93,59,0
09:26:53 PM May 01 2023,93,60,0
09:26:57 PM May 01 2023,94,59,0
09:27:01 PM May 01 2023,94,58,0
09:27:05 PM May 01 2023,94,57,0
09:27:09 PM May 01 2023,94,57,11
09:27:13 PM May 01 2023,94,57,71
09:27:17 PM May 01 2023,95,58,11
09:27:21 PM May 01 2023,94,59,18
09:27:25 PM May 01 2023,93,59,0
09:27:29 PM May 01 2023,93,58,0
09:27:33 PM May 01 2023,93,57,0
09:27:37 PM May 01 2023,94,57,0
09:27:41 PM May 01 2023,95,56,0
09:27:45 PM May 01 2023,95,56,0
09:27:49 PM May 01 2023,95,56,0
09:27:53 PM May 01 2023,94,57,0
09:27:57 PM May 01 2023,94,59,0
09:28:01 PM May 01 2023,94,58,0
09:28:05 PM May 01 2023,94,59,0
09:28:09 PM May 01 2023,94,57,0
09:28:13 PM May 01 2023,93,57,0
09:28:17 PM May 01 2023,93,57,0
09:28:21 PM May 01 2023,93,57,0
09:28:25 PM May 01 2023,93,57,0
09:28:29 PM May 01 2023,94,56,0
09:28:33 PM May 01 2023,94,56,0
09:28:37 PM May 01 2023,94,56,0
09:28:41 PM May 01 2023,94,56,0
09:28:45 PM May 01 2023,94,56,0
09:28:49 PM May 01 2023,94,56,0
09:28:53 PM May 01 2023,93,55,0
09:28:57 PM May 01 2023,93,55,0
09:29:01 PM May 01 2023,93,55,0
09:29:05 PM May 01 2023,93,56,0
09:29:09 PM May 01 2023,93,56,0
09:29:13 PM May 01 2023,93,56,0
09:29:17 PM May 01 2023,93,49,0
09:29:21 PM May 01 2023,93,49,0
09:29:25 PM May 01 2023,93,57,0
09:29:29 PM May 01 2023,93,57,0
09:29:33 PM May 01 2023,93,57,0
09:29:37 PM May 01 2023,93,57,0
09:29:41 PM May 01 2023,93,57,0
09:29:45 PM May 01 2023,93,56,0
09:29:49 PM May 01 2023,93,56,0
09:29:53 PM May 01 2023,93,56,0
09:29:57 PM May 01 2023,93,56,0
09:30:01 PM May 01 2023,93,57,0
09:30:05 PM May 01 2023,93,56,0
09:30:09 PM May 01 2023,93,56,0
09:30:13 PM May 01 2023,93,54,0
09:30:17 PM May 01 2023,93,54,0
09:30:21 PM May 01 2023,93,54,0
09:30:25 PM May 01 2023,93,55,0
09:30:29 PM May 01 2023,93,55,0
09:30:33 PM May 01 2023,93,55,0
09:30:37 PM May 01 2023,93,56,0
09:30:41 PM May 01 2023,93,56,0
09:30:45 PM May 01 2023,93,56,0
09:30:49 PM May 01 2023,93,56,0
09:30:53 PM May 01 2023,93,56,0
09:30:57 PM May 01 2023,93,56,0
09:31:01 PM May 01 2023,93,56,0
09:31:05 PM May 01 2023,93,56,0
09:31:09 PM May 01 2023,93,57,0
09:31:13 PM May 01 2023,93,56,0
09:31:17 PM May 01 2023,93,56,0
09:31:21 PM May 01 2023,93,56,0
09:31:25 PM May 01 2023,93,56,0
09:31:29 PM May 01 2023,93,56,0
09:31:33 PM May 01 2023,93,56,0
09:31:37 PM May 01 2023,93,56,0
09:31:41 PM May 01 2023,93,56,0
09:31:45 PM May 01 2023,93,56,0
09:31:49 PM May 01 2023,93,56,0
09:31:53 PM May 01 2023,93,55,0
09:31:57 PM May 01 2023,93,56,0
09:32:01 PM May 01 2023,93,57,0
09:32:05 PM May 01 2023,92,58,1
09:32:09 PM May 01 2023,93,57,0
09:32:13 PM May 01 2023,93,57,0
09:32:17 PM May 01 2023,93,57,0
09:32:21 PM May 01 2023,93,58,0
09:32:25 PM May 01 2023,93,57,0
09:32:29 PM May 01 2023,93,56,0
09:32:33 PM May 01 2023,93,55,0
09:32:37 PM May 01 2023,93,54,0
09:32:41 PM May 01 2023,93,55,0
09:32:45 PM May 01 2023,93,55,0
09:32:49 PM May 01 2023,93,55,0
09:32:53 PM May 01 2023,93,56,0
09:32:57 PM May 01 2023,93,56,0
09:33:01 PM May 01 2023,93,56,0
09:33:05 PM May 01 2023,93,57,0
09:33:09 PM May 01 2023,93,58,0
09:33:13 PM May 01 2023,93,57,0
09:33:17 PM May 01 2023,93,57,0
09:33:21 PM May 01 2023,93,56,0
09:33:25 PM May 01 2023,93,56,0
09:33:29 PM May 01 2023,93,56,0
09:33:33 PM May 01 2023,93,56,0
09:33:37 PM May 01 2023,93,56,0
09:33:41 PM May 01 2023,93,55,0
09:33:45 PM May 01 2023,93,56,0
09:33:49 PM May 01 2023,93,57,0
09:33:53 PM May 01 2023,93,57,0
09:33:57 PM May 01 2023,93,57,0
09:34:01 PM May 01 2023,93,57,0
09:34:05 PM May 01 2023,93,57,0
09:34:09 PM May 01 2023,93,58,0
09:34:13 PM May 01 2023,93,57,0
09:34:17 PM May 01 2023,93,56,0
09:34:21 PM May 01 2023,93,56,0
09:34:25 PM May 01 2023,93,57,0
09:34:29 PM May 01 2023,93,58,0
09:34:33 PM May 01 2023,93,58,0
09:34:37 PM May 01 2023,93,57,0
09:34:41 PM May 01 2023,93,57,0
09:34:45 PM May 01 2023,93,56,0
09:34:49 PM May 01 2023,93,55,0
09:34:53 PM May 01 2023,93,56,0
09:34:57 PM May 01 2023,93,57,0
09:35:01 PM May 01 2023,93,57,0
09:35:05 PM May 01 2023,93,56,0
09:35:09 PM May 01 2023,93,57,0
09:35:13 PM May 01 2023,93,60,0
09:35:17 PM May 01 2023,93,59,0
09:35:21 PM May 01 2023,93,56,0
09:35:25 PM May 01 2023,93,56,0
09:35:29 PM May 01 2023,93,56,0
09:35:33 PM May 01 2023,93,56,0
09:35:37 PM May 01 2023,93,56,0
09:35:41 PM May 01 2023,93,55,0
09:35:45 PM May 01 2023,93,55,0
09:35:49 PM May 01 2023,93,57,0
09:35:53 PM May 01 2023,93,57,0
09:35:57 PM May 01 2023,93,56,0
09:36:01 PM May 01 2023,93,56,0
09:36:05 PM May 01 2023,93,56,0
09:36:09 PM May 01 2023,93,57,0
09:36:13 PM May 01 2023,93,57,0
09:36:17 PM May 01 2023,93,57,0
09:36:21 PM May 01 2023,93,56,0
09:36:25 PM May 01 2023,92,58,0
09:36:29 PM May 01 2023,92,58,0
09:36:33 PM May 01 2023,92,57,0
09:36:37 PM May 01 2023,92,56,0
09:36:41 PM May 01 2023,92,55,0
09:36:45 PM May 01 2023,92,55,0
09:36:49 PM May 01 2023,93,55,0
09:36:53 PM May 01 2023,94,55,0
09:36:57 PM May 01 2023,94,55,0
09:37:01 PM May 01 2023,93,55,0
09:37:05 PM May 01 2023,93,56,0
09:37:09 PM May 01 2023,93,57,0
09:37:13 PM May 01 2023,92,58,0
09:37:17 PM May 01 2023,92,58,0
09:37:21 PM May 01 2023,92,57,0
09:37:25 PM May 01 2023,92,57,0
09:37:29 PM May 01 2023,93,58,0
09:37:33 PM May 01 2023,93,58,0
09:37:37 PM May 01 2023,92,57,0
09:37:41 PM May 01 2023,92,57,0
09:37:45 PM May 01 2023,93,56,0
09:37:49 PM May 01 2023,93,56,0
09:37:53 PM May 01 2023,93,56,0
09:37:57 PM May 01 2023,93,57,0
09:38:01 PM May 01 2023,93,57,0
09:38:05 PM May 01 2023,92,57,0
09:38:09 PM May 01 2023,93,57,0
09:38:13 PM May 01 2023,93,57,1
09:38:17 PM May 01 2023,93,57,14
09:38:21 PM May 01 2023,93,57,5
09:38:25 PM May 01 2023,92,59,13
09:38:29 PM May 01 2023,92,60,0
09:38:33 PM May 01 2023,93,58,0
09:38:37 PM May 01 2023,94,56,0
09:38:41 PM May 01 2023,94,56,0
09:38:45 PM May 01 2023,94,56,0
09:38:49 PM May 01 2023,94,55,0
09:38:53 PM May 01 2023,94,55,0
09:38:57 PM May 01 2023,94,56,0
09:39:01 PM May 01 2023,94,56,0
09:39:05 PM May 01 2023,94,57,0
09:39:09 PM May 01 2023,94,57,0
09:39:13 PM May 01 2023,94,57,0
09:39:17 PM May 01 2023,94,57,0
09:39:21 PM May 01 2023,94,57,0
09:39:25 PM May 01 2023,94,57,0
09:39:29 PM May 01 2023,94,57,0
09:39:33 PM May 01 2023,94,57,0
09:39:37 PM May 01 2023,94,56,0
09:39:41 PM May 01 2023,94,56,0
09:39:45 PM May 01 2023,94,56,1
09:39:49 PM May 01 2023,94,56,0
09:39:53 PM May 01 2023,94,57,0
09:39:57 PM May 01 2023,94,56,0
09:40:01 PM May 01 2023,94,55,0
09:40:05 PM May 01 2023,94,54,0
09:40:09 PM May 01 2023,94,56,0
09:40:13 PM May 01 2023,94,56,0
09:40:17 PM May 01 2023,94,55,0
09:40:21 PM May 01 2023,94,55,0
09:40:25 PM May 01 2023,94,55,0
09:40:29 PM May 01 2023,93,56,0
09:40:33 PM May 01 2023,94,57,0
09:40:37 PM May 01 2023,94,57,0
09:40:41 PM May 01 2023,94,56,0
09:40:45 PM May 01 2023,96,56,0
09:40:49 PM May 01 2023,96,57,0
09:40:53 PM May 01 2023,95,56,0
09:40:57 PM May 01 2023,93,56,1
09:41:01 PM May 01 2023,93,55,0
09:41:05 PM May 01 2023,94,55,0
09:41:09 PM May 01 2023,93,56,0
09:41:13 PM May 01 2023,93,56,0
09:41:17 PM May 01 2023,93,57,4
09:41:21 PM May 01 2023,94,59,15
09:41:25 PM May 01 2023,94,59,13
09:41:29 PM May 01 2023,93,60,14
09:41:33 PM May 01 2023,93,62,1
09:41:37 PM May 01 2023,92,61,1
09:41:41 PM May 01 2023,93,60,0
09:41:45 PM May 01 2023,93,59,26
09:41:49 PM May 01 2023,94,59,6
09:41:53 PM May 01 2023,95,57,0
09:41:57 PM May 01 2023,96,56,0
09:42:01 PM May 01 2023,96,54,0
09:42:05 PM May 01 2023,96,54,0
09:42:09 PM May 01 2023,97,55,0
09:42:13 PM May 01 2023,96,56,0
09:42:17 PM May 01 2023,95,58,0
09:42:21 PM May 01 2023,94,59,0
09:42:25 PM May 01 2023,93,60,0
09:42:29 PM May 01 2023,93,61,0
09:42:33 PM May 01 2023,93,61,0
09:42:37 PM May 01 2023,93,60,0
09:42:41 PM May 01 2023,94,59,0
09:42:45 PM May 01 2023,94,59,0
09:42:49 PM May 01 2023,95,59,0
09:42:53 PM May 01 2023,95,58,0
09:42:57 PM May 01 2023,95,57,0
09:43:01 PM May 01 2023,95,55,0
09:43:05 PM May 01 2023,95,55,0
09:43:09 PM May 01 2023,95,55,0
09:43:13 PM May 01 2023,95,55,0
09:43:17 PM May 01 2023,94,55,0
09:43:21 PM May 01 2023,94,55,0
09:43:25 PM May 01 2023,94,55,0
09:43:29 PM May 01 2023,94,55,0
09:43:33 PM May 01 2023,93,56,0
09:43:37 PM May 01 2023,93,57,0
09:43:41 PM May 01 2023,93,57,0
09:43:45 PM May 01 2023,94,56,0
09:43:49 PM May 01 2023,94,56,0
09:43:53 PM May 01 2023,94,55,0
09:43:57 PM May 01 2023,94,55,0
09:44:01 PM May 01 2023,94,56,0
09:44:05 PM May 01 2023,94,57,0
09:44:09 PM May 01 2023,94,56,0
09:44:13 PM May 01 2023,94,55,0
09:44:17 PM May 01 2023,94,55,0
09:44:21 PM May 01 2023,94,55,0
09:44:25 PM May 01 2023,94,55,0
09:44:29 PM May 01 2023,93,56,0
09:44:33 PM May 01 2023,93,56,0
09:44:37 PM May 01 2023,93,56,0
09:44:41 PM May 01 2023,94,56,0
09:44:45 PM May 01 2023,94,57,0
09:44:49 PM May 01 2023,94,57,0
09:44:53 PM May 01 2023,94,57,0
09:44:57 PM May 01 2023,94,56,0
09:45:01 PM May 01 2023,94,55,0
09:45:05 PM May 01 2023,94,55,0
09:45:09 PM May 01 2023,94,55,0
09:45:13 PM May 01 2023,94,55,0
09:45:17 PM May 01 2023,94,56,0
09:45:21 PM May 01 2023,93,58,0
09:45:25 PM May 01 2023,93,58,0
09:45:29 PM May 01 2023,93,57,0
09:45:33 PM May 01 2023,93,58,0
09:45:37 PM May 01 2023,94,57,0
09:45:41 PM May 01 2023,94,55,0
09:45:45 PM May 01 2023,94,56,0
09:45:49 PM May 01 2023,94,56,0
09:45:53 PM May 01 2023,94,56,0
09:45:57 PM May 01 2023,94,55,0
09:46:01 PM May 01 2023,94,54,0
09:46:05 PM May 01 2023,94,54,0
09:46:09 PM May 01 2023,94,55,1
09:46:13 PM May 01 2023,94,57,0
09:46:17 PM May 01 2023,93,56,0
09:46:21 PM May 01 2023,93,55,0
09:46:25 PM May 01 2023,93,55,0
09:46:29 PM May 01 2023,94,55,0
09:46:33 PM May 01 2023,94,55,0
09:46:37 PM May 01 2023,94,55,0
09:46:41 PM May 01 2023,93,55,0
09:46:45 PM May 01 2023,93,57,0
09:46:49 PM May 01 2023,93,58,0
09:46:53 PM May 01 2023,93,57,0
09:46:57 PM May 01 2023,93,56,0
09:47:01 PM May 01 2023,93,56,0
09:47:05 PM May 01 2023,94,56,0
09:47:09 PM May 01 2023,94,57,0
09:47:13 PM May 01 2023,94,56,0
09:47:17 PM May 01 2023,94,55,0
09:47:21 PM May 01 2023,94,55,0
09:47:25 PM May 01 2023,94,55,0
09:47:29 PM May 01 2023,94,55,0
09:47:33 PM May 01 2023,94,56,0
09:47:37 PM May 01 2023,93,55,0
09:47:41 PM May 01 2023,93,55,0
09:47:45 PM May 01 2023,93,55,0
09:47:49 PM May 01 2023,93,56,0
09:47:53 PM May 01 2023,93,56,0
09:47:57 PM May 01 2023,93,56,0
09:48:01 PM May 01 2023,93,56,0
09:48:05 PM May 01 2023,93,57,0
09:48:09 PM May 01 2023,93,57,2
09:48:13 PM May 01 2023,93,57,0
09:48:17 PM May 01 2023,93,57,0
09:48:21 PM May 01 2023,93,56,0
09:48:25 PM May 01 2023,94,56,0
09:48:29 PM May 01 2023,94,57,4
09:48:33 PM May 01 2023,94,56,1
09:48:37 PM May 01 2023,94,56,0
09:48:41 PM May 01 2023,94,56,0
09:48:45 PM May 01 2023,94,56,0
09:48:49 PM May 01 2023,94,56,0
09:48:53 PM May 01 2023,94,56,0
09:48:57 PM May 01 2023,94,56,0
09:49:01 PM May 01 2023,94,56,0
09:49:05 PM May 01 2023,94,56,0
09:49:09 PM May 01 2023,94,56,0
09:49:13 PM May 01 2023,94,56,0
09:49:17 PM May 01 2023,94,56,0
09:49:21 PM May 01 2023,94,56,0
09:49:25 PM May 01 2023,94,58,1
09:49:29 PM May 01 2023,94,58,18
09:49:33 PM May 01 2023,93,63,7
09:49:37 PM May 01 2023,92,65,2
09:49:41 PM May 01 2023,92,64,0
09:49:45 PM May 01 2023,92,58,0
09:49:49 PM May 01 2023,93,57,0
09:49:53 PM May 01 2023,93,56,0
09:49:57 PM May 01 2023,93,55,0
09:50:01 PM May 01 2023,94,55,2
09:50:05 PM May 01 2023,94,55,0
09:50:09 PM May 01 2023,94,55,0
09:50:13 PM May 01 2023,94,55,0
09:50:17 PM May 01 2023,94,55,0
09:50:21 PM May 01 2023,93,55,1
09:50:25 PM May 01 2023,93,55,0
09:50:29 PM May 01 2023,92,55,1
09:50:33 PM May 01 2023,92,55,0
09:50:37 PM May 01 2023,92,56,0
09:50:41 PM May 01 2023,92,56,0
09:50:45 PM May 01 2023,92,57,0
09:50:49 PM May 01 2023,92,57,0
09:50:53 PM May 01 2023,92,56,0
09:50:57 PM May 01 2023,93,55,0
09:51:01 PM May 01 2023,93,55,0
09:51:05 PM May 01 2023,93,54,0
09:51:09 PM May 01 2023,93,55,0
09:51:13 PM May 01 2023,93,55,0
09:51:17 PM May 01 2023,93,55,0
09:51:21 PM May 01 2023,92,55,0
09:51:25 PM May 01 2023,92,55,0
09:51:29 PM May 01 2023,93,56,0
09:51:33 PM May 01 2023,92,55,0
09:51:37 PM May 01 2023,92,55,0
09:51:41 PM May 01 2023,92,56,1
09:51:45 PM May 01 2023,92,57,0
09:51:49 PM May 01 2023,92,57,0
09:51:53 PM May 01 2023,92,56,0
09:51:57 PM May 01 2023,92,55,0
09:52:01 PM May 01 2023,92,55,0
09:52:05 PM May 01 2023,92,55,0
09:52:09 PM May 01 2023,93,55,0
09:52:13 PM May 01 2023,92,56,0
09:52:17 PM May 01 2023,92,56,0
09:52:21 PM May 01 2023,92,56,0
09:52:25 PM May 01 2023,92,56,0
09:52:29 PM May 01 2023,92,55,0
09:52:33 PM May 01 2023,92,55,0
09:52:37 PM May 01 2023,92,55,0
09:52:41 PM May 01 2023,92,56,0
09:52:45 PM May 01 2023,92,57,0
09:52:49 PM May 01 2023,92,56,0
09:52:53 PM May 01 2023,92,56,0
09:52:57 PM May 01 2023,92,55,0
09:53:01 PM May 01 2023,92,55,0
09:53:05 PM May 01 2023,92,55,0
09:53:09 PM May 01 2023,92,55,0
09:53:13 PM May 01 2023,92,55,0
09:53:17 PM May 01 2023,92,56,0
09:53:21 PM May 01 2023,92,56,0
09:53:25 PM May 01 2023,92,55,0
09:53:29 PM May 01 2023,92,55,1
09:53:33 PM May 01 2023,92,55,0
09:53:37 PM May 01 2023,92,55,0
09:53:41 PM May 01 2023,92,56,0
09:53:45 PM May 01 2023,92,57,0
09:53:49 PM May 01 2023,92,56,0
09:53:53 PM May 01 2023,92,56,0
09:53:57 PM May 01 2023,91,55,0
09:54:01 PM May 01 2023,92,55,0
09:54:05 PM May 01 2023,94,55,0
09:54:09 PM May 01 2023,94,55,0
09:54:13 PM May 01 2023,93,56,0
09:54:17 PM May 01 2023,92,56,0
09:54:21 PM May 01 2023,92,56,0
09:54:25 PM May 01 2023,92,57,0
09:54:29 PM May 01 2023,92,57,0
09:54:33 PM May 01 2023,92,57,0
09:54:37 PM May 01 2023,92,57,0
09:54:41 PM May 01 2023,92,56,0
09:54:45 PM May 01 2023,92,56,0
09:54:49 PM May 01 2023,93,55,0
09:54:53 PM May 01 2023,93,55,0
09:54:57 PM May 01 2023,93,55,0
09:55:01 PM May 01 2023,92,56,0
09:55:05 PM May 01 2023,92,56,0
09:55:09 PM May 01 2023,91,55,0
09:55:13 PM May 01 2023,92,55,0
09:55:17 PM May 01 2023,92,55,0
09:55:21 PM May 01 2023,93,56,0
09:55:25 PM May 01 2023,93,56,0
09:55:29 PM May 01 2023,92,56,0
09:55:33 PM May 01 2023,92,55,0
09:55:37 PM May 01 2023,93,55,1
09:55:41 PM May 01 2023,93,55,0
09:55:45 PM May 01 2023,93,55,0
09:55:49 PM May 01 2023,93,57,0
09:55:53 PM May 01 2023,92,58,0
09:55:57 PM May 01 2023,92,57,0
09:56:01 PM May 01 2023,92,56,0
09:56:05 PM May 01 2023,92,55,0
09:56:09 PM May 01 2023,93,55,0
09:56:13 PM May 01 2023,93,55,0
09:56:17 PM May 01 2023,93,55,0
09:56:21 PM May 01 2023,93,55,0
09:56:25 PM May 01 2023,93,55,0
09:56:29 PM May 01 2023,93,55,0
09:56:33 PM May 01 2023,93,55,0
09:56:37 PM May 01 2023,94,56,0
09:56:41 PM May 01 2023,94,55,0
09:56:45 PM May 01 2023,94,55,0
09:56:49 PM May 01 2023,94,55,0
09:56:53 PM May 01 2023,94,55,0
09:56:57 PM May 01 2023,94,56,0
09:57:01 PM May 01 2023,94,56,0
09:57:05 PM May 01 2023,94,55,0
09:57:09 PM May 01 2023,94,55,0
09:57:13 PM May 01 2023,95,55,0
09:57:17 PM May 01 2023,95,55,4
09:57:21 PM May 01 2023,95,57,0
09:57:25 PM May 01 2023,94,57,0
09:57:29 PM May 01 2023,93,56,0
09:57:33 PM May 01 2023,93,55,0
09:57:37 PM May 01 2023,94,55,0
09:57:41 PM May 01 2023,94,55,0
09:57:45 PM May 01 2023,94,55,0
09:57:49 PM May 01 2023,95,55,0
09:57:53 PM May 01 2023,95,55,0
09:57:57 PM May 01 2023,95,55,0
09:58:01 PM May 01 2023,95,55,0
09:58:05 PM May 01 2023,94,55,0
09:58:09 PM May 01 2023,94,55,0
09:58:13 PM May 01 2023,94,56,0
09:58:17 PM May 01 2023,94,56,0
09:58:21 PM May 01 2023,94,56,0
09:58:25 PM May 01 2023,95,56,0
09:58:29 PM May 01 2023,95,56,0
09:58:33 PM May 01 2023,95,57,0
09:58:37 PM May 01 2023,95,58,0
09:58:41 PM May 01 2023,95,57,0
09:58:45 PM May 01 2023,95,56,0
09:58:49 PM May 01 2023,95,55,0
09:58:53 PM May 01 2023,95,55,0
09:58:57 PM May 01 2023,95,55,0
09:59:01 PM May 01 2023,95,55,0
09:59:05 PM May 01 2023,95,55,0
09:59:09 PM May 01 2023,94,55,0
09:59:13 PM May 01 2023,94,55,0
09:59:17 PM May 01 2023,94,55,0
09:59:21 PM May 01 2023,94,55,0
09:59:25 PM May 01 2023,94,55,0
09:59:29 PM May 01 2023,94,56,0
09:59:33 PM May 01 2023,94,56,0
09:59:37 PM May 01 2023,94,56,0
09:59:41 PM May 01 2023,94,56,0
09:59:45 PM May 01 2023,95,55,0
09:59:49 PM May 01 2023,95,55,0
09:59:53 PM May 01 2023,95,55,0
09:59:57 PM May 01 2023,95,55,0
10:00:01 PM May 01 2023,95,55,0
10:00:05 PM May 01 2023,94,55,0
10:00:09 PM May 01 2023,94,58,1
10:00:13 PM May 01 2023,94,59,0
10:00:17 PM May 01 2023,94,57,0
10:00:21 PM May 01 2023,94,56,0
10:00:25 PM May 01 2023,95,55,0
10:00:29 PM May 01 2023,95,55,0
10:00:33 PM May 01 2023,95,55,0
10:00:37 PM May 01 2023,95,54,0
10:00:41 PM May 01 2023,95,55,0
10:00:45 PM May 01 2023,95,55,0
10:00:49 PM May 01 2023,94,55,0
10:00:53 PM May 01 2023,94,55,1
10:00:57 PM May 01 2023,95,55,0
10:01:01 PM May 01 2023,95,55,0
10:01:05 PM May 01 2023,95,55,0
10:01:09 PM May 01 2023,94,56,0
10:01:13 PM May 01 2023,94,56,0
10:01:17 PM May 01 2023,94,56,0
10:01:21 PM May 01 2023,95,56,0
10:01:25 PM May 01 2023,94,56,0
10:01:29 PM May 01 2023,94,57,0
10:01:33 PM May 01 2023,94,58,0
10:01:37 PM May 01 2023,94,57,0
10:01:41 PM May 01 2023,95,56,0
10:01:45 PM May 01 2023,95,56,0
10:01:49 PM May 01 2023,95,55,0
10:01:53 PM May 01 2023,95,54,0
10:01:57 PM May 01 2023,95,55,0
10:02:01 PM May 01 2023,95,56,1
10:02:05 PM May 01 2023,94,57,0
10:02:09 PM May 01 2023,94,56,0
10:02:13 PM May 01 2023,95,56,0
10:02:17 PM May 01 2023,95,56,0
10:02:21 PM May 01 2023,95,56,0
10:02:25 PM May 01 2023,95,56,0
10:02:29 PM May 01 2023,95,56,0
10:02:33 PM May 01 2023,95,56,0
10:02:37 PM May 01 2023,95,56,1
10:02:41 PM May 01 2023,95,55,0
10:02:45 PM May 01 2023,95,55,0
10:02:49 PM May 01 2023,95,56,0
10:02:53 PM May 01 2023,94,56,0
10:02:57 PM May 01 2023,95,56,0
10:03:01 PM May 01 2023,95,56,1
10:03:05 PM May 01 2023,95,56,0
10:03:09 PM May 01 2023,95,56,0
10:03:13 PM May 01 2023,95,56,0
10:03:17 PM May 01 2023,94,56,0
10:03:21 PM May 01 2023,94,55,1
10:03:25 PM May 01 2023,95,55,0
10:03:29 PM May 01 2023,95,55,1
10:03:33 PM May 01 2023,95,56,0
10:03:37 PM May 01 2023,95,56,0
10:03:41 PM May 01 2023,95,56,0
10:03:45 PM May 01 2023,95,56,0
10:03:49 PM May 01 2023,95,55,0
10:03:53 PM May 01 2023,95,55,0
10:03:57 PM May 01 2023,95,55,0
10:04:01 PM May 01 2023,95,55,0
10:04:05 PM May 01 2023,95,56,0
10:04:09 PM May 01 2023,95,57,0
10:04:13 PM May 01 2023,95,56,0
10:04:17 PM May 01 2023,95,55,0
10:04:21 PM May 01 2023,95,55,0
10:04:25 PM May 01 2023,95,55,0
10:04:29 PM May 01 2023,95,56,0
10:04:33 PM May 01 2023,94,57,9
10:04:37 PM May 01 2023,94,60,10
10:04:41 PM May 01 2023,96,61,3
10:04:45 PM May 01 2023,96,63,14
10:04:49 PM May 01 2023,96,63,5
10:04:53 PM May 01 2023,96,65,2
10:04:57 PM May 01 2023,96,65,46
10:05:01 PM May 01 2023,96,67,2
10:05:05 PM May 01 2023,95,64,0
10:05:09 PM May 01 2023,95,60,0
10:05:13 PM May 01 2023,95,59,0
10:05:17 PM May 01 2023,95,59,0
10:05:21 PM May 01 2023,95,59,0
10:05:25 PM May 01 2023,95,58,0
10:05:29 PM May 01 2023,95,57,0
10:05:33 PM May 01 2023,95,56,0
10:05:37 PM May 01 2023,94,57,0
10:05:41 PM May 01 2023,94,58,0
10:05:45 PM May 01 2023,93,58,0
10:05:49 PM May 01 2023,93,58,0
10:05:53 PM May 01 2023,93,57,0
10:05:57 PM May 01 2023,93,57,0
10:06:01 PM May 01 2023,93,57,0
10:06:05 PM May 01 2023,94,58,4
10:06:09 PM May 01 2023,93,60,1
10:06:13 PM May 01 2023,93,61,23
10:06:17 PM May 01 2023,93,61,22
10:06:21 PM May 01 2023,92,62,27
10:06:25 PM May 01 2023,92,62,10
10:06:29 PM May 01 2023,92,62,30
10:06:33 PM May 01 2023,92,62,16
10:06:37 PM May 01 2023,92,65,15
10:06:41 PM May 01 2023,93,65,11
10:06:45 PM May 01 2023,93,65,4
10:06:49 PM May 01 2023,93,65,13
10:06:53 PM May 01 2023,92,64,43
10:06:57 PM May 01 2023,94,64,13
10:07:01 PM May 01 2023,94,64,15
